accel_x_mean,accel_x_min,accel_x_max,accel_y_mean,accel_y_min,accel_y_max,accel_z_mean,accel_z_min,accel_z_max,accel_sma,accel_ai,gyro_x_mean,gyro_x_min,gyro_x_max,gyro_y_mean,gyro_y_min,gyro_y_max,gyro_z_mean,gyro_z_min,gyro_z_max,gyro_sma,gyro_ai,bucket_bin,activity,activity_code,bucket_samples
-2703.36,-4628,-650,3299.4,1786,6784,-318.74,-3576,994,6675.900000000001,4477.602472448507,188.04,-1334,2548,-120.14,-2889,3042,-54.69,-1814,895,2620.39,1740.9557727681831,0,Walking,4,100
-2706.4,-11210,32,3284.92,-1244,12562,-480.52,-7110,2822,7095.0,4712.420776987784,24.89,-2361,2076,-203.91,-4045,3959,41.65,-1564,1289,3184.83,2058.2395568970974,1,Walking,4,100
-2678.989010989011,-8976,-592,2999.6703296703295,-1376,12910,-464.6373626373626,-6478,3198,6868.483516483517,4528.468333837644,-261.1208791208791,-3004,1857,-471.72527472527474,-4256,2942,120.87912087912088,-1381,1110,2798.2527472527477,1846.8359823851488,2,Walking,4,91
-2692.7755102040815,-9162,394,2993.918367346939,-720,13320,-468.265306122449,-6962,3450,6907.897959183673,4527.485102280869,-188.60204081632654,-3631,2331,-327.64285714285717,-3419,2573,-48.265306122448976,-1808,1482,3190.9795918367345,2108.5314323637126,3,Walking,4,98
-2576.4,-9250,596,3126.22,-1894,13342,-430.6,-7520,4324,6933.58,4568.835118498429,-56.19,-3540,2275,-95.64,-4117,4278,-65.05,-1762,1363,3458.7200000000003,2217.2631344868337,4,Walking,4,100
-2549.08,-8364,-258,3164.32,-1432,14820,-362.96,-6350,3116,6998.76,4697.36384427618,104.22,-3392,2353,-113.21,-3913,2801,-123.15,-1532,1693,3407.7200000000003,2218.9998187099995,5,Walking,4,100
-2653.28,-10278,-336,3180.4,-2064,16808,-384.12,-6948,3948,7098.4400000000005,4688.461014158383,74.59,-3998,2539,11.44,-4960,3107,-210.74,-1912,1307,3430.4900000000002,2216.3141351172085,6,Walking,4,100
-2718.14,-12224,-152,3232.06,-2150,13828,-473.24,-7846,2760,7126.84,4723.66959085653,110.99,-3482,1953,28.87,-3701,4424,-120.98,-2019,1652,3356.34,2184.6114197160377,7,Walking,4,100
-2518.7045454545455,-10606,-338,3155.590909090909,-1466,12432,-393.8181818181818,-6172,3370,6916.659090909091,4527.303368151862,39.36363636363637,-2573,2228,91.14772727272727,-4485,3282,-198.5340909090909,-1687,1508,3583.1136363636365,2281.149416666622,8,Walking,4,88
-2815.46,-9384,-322,3166.16,38,10460,-484.96,-5288,2994,6887.9800000000005,4588.559144037278,-99.33,-3209,2347,334.99,-3894,2852,-227.41,-1973,1032,2959.77,1881.5009626855422,9,Walking,4,100
-2764.2,-9990,-266,2960.48,-474,5546,-299.48,-5182,3544,6571.8,4413.8986317930785,-348.08,-2188,1665,513.83,-3147,3391,-245.09,-2201,1126,3173.0,2030.2666312467234,10,Walking,4,100
-2570.88,-5982,-190,3344.52,-228,13724,-225.18,-5446,3794,6669.900000000001,4530.954547075547,-264.45,-4023,1947,204.44,-2274,2889,-178.28,-1910,1415,3023.07,1881.6876034837142,11,Walking,4,100
-2748.96,-9534,-708,3143.82,-1198,15352,-130.42,-3976,3534,6792.52,4582.275889857669,193.92,-2789,2276,73.28,-2779,3531,-72.15,-1736,1629,3011.4900000000002,1915.0328286291979,12,Walking,4,100
-2885.18,-9176,-534,3276.5,-1600,14524,-323.38,-6534,3714,7257.7,4842.468126410033,152.54,-3059,2024,-214.12,-3590,3697,5.15,-1613,1269,3319.4700000000003,2134.580771591776,13,Walking,4,100
-2832.66,-10706,-326,3256.7,-1194,14420,-354.82,-6322,3452,7198.26,4724.45631700055,12.0,-3208,2476,-124.48,-3579,3129,12.68,-1626,1494,3280.04,2100.6688631269535,14,Walking,4,100
-2716.185567010309,-10220,-464,3078.061855670103,-1292,13348,-369.4639175257732,-6286,3040,6838.061855670103,4515.222616547909,-99.83505154639175,-3029,2078,-331.6082474226804,-4115,2976,72.78350515463917,-1636,1210,3007.5876288659792,1925.6923079940277,15,Walking,4,97
-2979.5844155844156,-10324,-624,3138.5714285714284,-2484,14574,-379.16883116883116,-6280,4254,7470.8831168831175,4956.247876536681,-256.6753246753247,-3967,1680,-755.3766233766233,-4223,4275,433.4935064935065,-1947,1839,2948.922077922078,1984.4573740119483,16,Walking,4,77
-2562.7,-9694,-578,3115.72,-1514,12408,-371.16,-6610,3160,6751.54,4529.069195342919,63.81,-3630,2019,-135.4,-3057,3212,-74.75,-1637,1222,3373.94,2137.777360290095,17,Walking,4,100
-2686.86,-9240,-168,3151.86,-1228,14132,-418.44,-6494,3014,6954.6,4620.388331726411,-15.56,-3705,2561,14.56,-5692,3145,-110.2,-1729,1323,3360.46,2148.6456162566433,18,Walking,4,100
-2689.38,-10048,-302,3206.56,-2180,15228,-365.92,-7456,3824,7066.5,4735.9017235070505,71.75,-4022,2308,-3.34,-4076,3706,-161.43,-1682,1223,3342.62,2154.531766126432,19,Walking,4,100
-2692.56,-10630,-236,3267.26,-2634,12496,-368.72,-8028,3348,7115.34,4705.103305384011,157.42,-3114,2256,-10.84,-5418,3788,-104.55,-2009,1339,3364.15,2159.55306311892,20,Walking,4,100
-2679.0,-12314,-338,3243.08,-676,11910,-375.54,-6590,2686,6912.14,4630.492875029922,132.57,-3127,2242,33.25,-2846,3471,-72.2,-1367,1740,3203.98,2037.0329597925056,21,Walking,4,100
-2619.88,-9190,-452,3298.64,-1354,13072,-479.98,-5994,3516,6958.54,4631.171017192291,51.53,-2851,2019,85.44,-4142,2923,-103.01,-1433,1388,3343.52,2106.4319231506975,22,Walking,4,100
-2789.098901098901,-8474,-664,3388.4615384615386,-1608,13988,-576.1538461538462,-6956,3422,7455.472527472528,4905.675907526632,-23.505494505494507,-3410,2081,-44.84615384615385,-5272,3426,-46.56043956043956,-1593,1185,3253.1098901098903,2102.345572236374,23,Walking,4,91
-2784.28,-7770,-450,2917.54,-1852,8050,-466.02,-7316,2138,6682.72,4389.022941274839,100.55,-3434,2323,-85.75,-4905,2896,-118.1,-1822,1356,3150.44,2042.6969755875125,24,Walking,4,100
-2514.32,-6674,-536,3299.72,782,12324,-147.78,-5982,4210,6617.9400000000005,4460.19323159859,21.38,-3220,2219,-127.79,-3211,2918,-42.9,-1678,1267,3359.57,2123.9037677644524,25,Walking,4,100
-2637.8,-8714,-672,3243.36,-1120,13216,-191.86,-5782,3706,6785.3,4551.170631984111,259.88,-1905,2300,13.78,-3300,2706,-32.05,-1458,1384,3073.77,1929.2731547988267,26,Walking,4,100
-2731.3,-10116,174,3295.7,-1628,11608,-400.18,-7262,3826,7147.62,4754.453648798036,108.06,-3345,2105,-73.48,-3261,3789,9.65,-1624,1268,3307.59,2103.9607227897322,27,Walking,4,100
-2827.04,-7762,-670,3256.46,-802,13548,-463.0,-6986,3164,7183.74,4768.323790513283,63.15,-3391,2154,-155.68,-3355,2869,4.67,-1642,1472,3147.34,1988.4952876431669,28,Walking,4,100
-2656.1,-9004,354,3254.36,-1426,12300,-383.36,-7340,3690,7034.26,4675.70564891084,16.81,-4967,2646,-245.09,-3472,3717,73.97,-1592,1083,3283.35,2104.3793616135786,29,Walking,4,100
-2727.1,-7994,406,3009.22,-1760,13126,-449.4,-6412,4048,6880.6,4543.554219020631,-214.86,-3132,2327,-95.02,-2749,2729,-34.25,-1755,1258,3050.17,1920.4234060947565,30,Walking,4,100
-2641.98,-8786,-600,3036.58,-478,12770,-438.24,-6056,3518,6635.8,4456.256205267234,-315.8,-3508,1990,75.09,-2472,2811,-61.28,-1641,1140,2956.31,1869.1008081862203,31,Walking,4,100
-2668.72,-8452,-186,3073.28,-2054,15630,-372.8,-5310,5150,7090.0,4741.724370572532,-348.01,-4247,2009,382.96,-3149,3362,-267.39,-1986,1594,3451.48,2217.3533312935124,32,Walking,4,100
-2687.3,-10058,-4,3196.28,-1386,14906,-405.98,-6604,3630,7077.64,4715.200558850967,-98.11,-4646,2146,206.61,-2924,3043,-224.63,-1758,1249,3321.15,2097.9049100061316,33,Walking,4,100
-2751.95,-7300,-944,3069.875,-1286,7806,-808.3,-6812,686,6800.575000000001,4522.193930206196,79.7625,-3367,2758,300.9,-3094,2697,-345.35,-1605,1012,3179.5875,2027.5155586211772,34,Walking,4,80
-2775.86,-8198,114,3115.14,-1834,12904,-432.76,-5984,3372,7049.24,4692.100285467117,77.44,-6596,2451,123.66,-3349,2886,-173.19,-1818,1256,3175.87,2033.898696163161,35,Walking,4,100
-2865.78,-8774,-548,3125.54,-1946,15014,-578.64,-7638,4186,7249.04,4845.489607583594,6.51,-3934,2500,84.02,-3201,3222,-159.47,-1632,1041,3299.76,2115.175688742268,36,Walking,4,100
-2746.16,-8886,-716,2850.28,-2196,8016,-421.64,-6968,3896,6730.56,4432.607451041194,152.44,-3788,2454,-107.33,-3289,3186,-139.45,-1960,1237,3244.34,2064.651877359192,37,Walking,4,100
-2731.76,-8138,-86,3279.12,-346,12878,-285.12,-7202,2918,6936.84,4626.809643589965,54.82,-4475,2343,-119.3,-3598,3083,-58.36,-1588,1039,3189.86,2030.7092619568512,38,Walking,4,100
-2743.92,-10122,-186,3078.42,-1530,13456,-160.7,-7122,3338,6754.400000000001,4521.90162568155,155.16,-4636,2244,116.6,-4086,3570,-101.94,-1740,1314,3274.28,2082.618314370736,39,Walking,4,100
-2913.12,-10084,-768,3215.74,-1366,12034,-395.7,-6366,3936,7273.6,4803.40338752179,153.63,-5497,2676,-156.06,-3786,3469,32.19,-1619,1150,3233.32,2090.443482758294,40,Walking,4,100
-2879.6,-9634,-370,3156.94,-868,13172,-452.78,-6256,2444,7059.04,4677.061851735988,-33.48,-3427,2062,-62.11,-3111,3581,31.31,-1814,1422,3170.6800000000003,2035.283682526916,41,Walking,4,100
-2809.12,-9638,-494,3043.8,-624,10542,-416.9,-4990,3372,6804.3,4531.474870438436,-439.04,-4945,2033,192.47,-2655,3733,-33.78,-1641,1381,2974.69,1904.0460521419386,42,Walking,4,100
-2741.86,-8754,-626,3016.7,-870,10558,-359.66,-4990,4734,6850.9800000000005,4515.73153042967,-555.84,-3315,1862,178.27,-2955,3802,-108.89,-1926,1484,3094.92,1991.3786692230997,43,Walking,4,100
-2538.2,-9944,-106,3147.38,-1094,12536,-397.96,-5960,3472,6828.38,4529.415976062052,-44.02,-5514,2265,27.51,-3753,3810,-203.94,-1781,2184,3666.79,2320.934959125272,44,Walking,4,100
-2635.3,-8534,-464,3148.26,-612,13530,-490.96,-6542,3830,6948.400000000001,4643.208459099956,112.54,-4205,3133,-30.61,-3880,2626,-164.05,-1633,1988,3255.7400000000002,2099.9466004889623,45,Walking,4,100
-2826.8,-9868,-162,3160.02,-1568,13806,-427.2,-5954,4098,7185.34,4769.818296634118,45.88,-5863,2598,35.31,-3071,3588,-171.7,-1877,1685,3602.9500000000003,2312.799795254258,46,Walking,4,100
-2672.38,-9096,-248,3217.22,-2042,12760,-394.3,-8622,3978,7078.7,4682.3802529368,152.74,-3389,2440,-0.64,-4685,2810,-126.31,-1902,1295,3270.69,2100.0185914201643,47,Walking,4,100
-2692.5,-7144,-788,3206.14,-1518,13278,-522.76,-6158,3936,7072.12,4709.286374305287,96.36,-3218,2581,68.49,-4368,3225,-141.27,-1607,1285,3236.4,2074.230029685147,48,Walking,4,100
-2735.46,-8996,-294,3199.66,-1894,13562,-521.68,-6558,3466,7059.52,4682.372295324794,28.57,-3763,2226,33.31,-3717,2833,-160.34,-1743,1067,3275.7000000000003,2068.223126053342,49,Walking,4,100
-2792.6,-9008,-318,3047.96,-1000,7712,-439.66,-6006,2392,6783.7,4494.951975221102,48.27,-3263,2215,0.9,-4145,2964,-132.22,-1828,1105,3238.21,2090.453906293599,50,Walking,4,100
-2500.5,-5624,-424,3036.36,-1902,13154,-97.32,-5750,4512,6439.82,4322.203666482273,114.38,-3923,2433,-151.41,-3688,3183,-45.27,-1717,1625,3280.2200000000003,2102.489998054988,51,Walking,4,100
-2802.64,-7952,-234,3278.24,-1744,12468,-314.72,-6584,3634,7151.76,4771.315899729072,232.58,-3176,2373,-1.15,-5115,2914,-27.66,-1700,1477,3301.07,2114.5674898373195,52,Walking,4,100
-2808.62,-8848,-608,3308.68,-2132,13550,-457.44,-7116,3898,7381.46,4902.966198785232,97.57,-3962,2760,-190.79,-4049,2855,-46.12,-2087,1324,3372.0,2168.917873776168,53,Walking,4,100
-2733.0,-8324,-178,3234.4,-1506,15212,-472.44,-6908,3748,7225.92,4811.257282265985,51.05,-3676,2486,-262.48,-4748,3058,26.87,-1673,1362,3298.84,2133.6789363955068,54,Walking,4,100
-2690.56,-9466,234,3233.88,-2838,14662,-364.26,-7652,4928,7368.06,4829.469960670604,-123.07,-3830,2338,-114.56,-5018,4549,-44.79,-2223,1509,3458.06,2250.691779562048,55,Walking,4,100
-2699.14,-8724,-46,3043.3,-2804,14816,-453.18,-7062,4456,7118.7,4696.5728902536075,-30.12,-4994,2527,-226.13,-3965,3250,-52.67,-1972,1255,3509.62,2273.4716007163856,56,Walking,4,100
-2678.16,-6966,-494,3042.96,-1952,12888,-474.52,-6828,3898,7058.4400000000005,4606.970833806217,-114.74,-3775,2435,-192.47,-3584,3217,-76.2,-1727,1260,3405.39,2174.264918863672,57,Walking,4,100
-2574.0,-11710,128,3155.0,-1408,14016,-442.48,-7072,4728,7008.2,4612.419828381809,17.5,-3000,2521,-2.36,-4515,3231,-87.71,-1809,1377,3484.73,2218.081684091576,58,Walking,4,100
-2625.24,-9216,-198,3169.4,-1602,14350,-457.16,-6270,4128,7161.32,4724.10522314228,69.44,-4453,2219,-39.46,-5829,3081,-191.22,-1525,1168,3553.16,2259.073737656282,59,Walking,4,100
-2698.02,-9282,-184,3202.36,-1822,13538,-419.74,-6306,4012,7179.16,4718.353303844119,164.59,-3215,2349,-26.81,-3264,2889,-110.86,-1753,1355,3387.7400000000002,2196.423379468171,60,Walking,4,100
-2743.84,-8842,-396,3263.9,-1098,12476,-476.74,-6258,2812,7174.84,4709.693808327464,104.76,-3237,2440,8.25,-4351,2668,-124.1,-1586,1276,3305.85,2145.661548998127,61,Walking,4,100
-2786.0,-5334,-938,3649.1944444444443,-324,15930,113.22222222222223,-7332,3186,7308.305555555555,4869.059874809181,420.8888888888889,-3902,2337,170.15277777777777,-2820,2777,79.30555555555556,-1474,1488,3281.597222222222,2073.183829235783,62,Walking,4,72
-2752.5,-10702,-128,3099.68,-1596,11484,-422.4,-5766,3176,6840.900000000001,4555.148784273793,83.46,-2272,2629,-24.39,-5878,3073,-187.95,-1564,1544,3469.02,2204.193556399677,63,Walking,4,100
-2805.28,-5644,-1106,3188.46,-2140,16580,-264.4,-6398,3398,6873.7,4560.747400519696,-397.58,-4639,1611,568.45,-5001,3676,-131.38,-1432,1501,3402.9300000000003,2260.1668684940432,64,Walking,4,100
-2476.22,-3988,-294,3290.84,1700,7026,-161.94,-1842,1768,6358.64,4276.952498547387,-692.11,-2738,1733,484.27,-1269,2864,-174.95,-770,169,1917.39,1332.338440410084,65,Walking,4,100
-2575.6,-2970,-1846,3197.48,2868,3704,-107.24,-612,410,5925.76,4114.859043959516,66.96,-272,702,-51.23,-629,198,-15.28,-175,65,250.09,170.12250220092312,66,Standing,3,100
-2604.46,-2832,-2346,3179.28,3016,3320,-56.96,-246,98,5851.1,4111.644716338839,2.0,-179,95,-0.35,-111,473,-17.42,-105,35,102.29,67.65718352090954,67,Standing,3,100
-2620.72,-2924,-2294,3165.1,2922,3408,-64.22,-392,364,5895.36,4113.896317498058,10.24,-203,219,34.28,-529,549,5.53,-65,82,238.05,170.82747051213062,68,Standing,3,100
-2601.64,-2930,-2320,3185.0,3016,3376,-118.7,-532,130,5918.3,4117.523883715074,-4.33,-125,136,4.87,-401,265,6.07,-57,70,157.83,112.40753341268359,69,Standing,3,100
-2588.14,-2760,-2386,3198.14,3070,3370,-32.38,-230,232,5856.02,4115.88631455595,23.18,-87,128,-25.26,-195,141,-0.95,-51,40,105.61,72.22159747578843,70,Standing,3,100
-2577.44,-2692,-2428,3211.72,3118,3302,-8.68,-248,132,5835.88,4118.898420420188,-12.45,-120,96,14.23,-125,152,9.36,-14,36,100.64,68.21506940072055,71,Standing,3,100
-2574.42,-2992,-2288,3207.14,2934,3542,44.9,-432,410,5900.34,4117.5679424656255,-2.33,-283,159,26.52,-247,311,-14.44,-75,60,166.07,118.1249108197911,72,Standing,3,100
-2619.325,-2822,-2376,3173.625,2980,3330,15.075,-304,346,5881.625,4117.478591968467,22.8875,-104,151,-0.875,-181,154,-0.325,-51,51,129.6125,89.92790801653624,73,Standing,3,80
-2533.0,-2720,-2338,3229.04,3076,3404,-28.4,-258,196,5835.52,4106.040559235933,-14.35,-111,97,-22.7,-189,96,5.45,-45,90,111.92,77.567250372689,74,Standing,3,100
-2828.66,-4112,-1014,3295.46,2570,4750,110.5,-982,774,6416.9400000000005,4401.141756371612,367.12,-407,2508,76.69,-787,2552,-27.02,-820,518,1368.09,910.1261210465007,75,Walking,4,100
-2785.9,-6878,-446,2984.46,344,11092,-506.02,-7924,2280,6857.1,4488.852735080835,-124.01,-2039,2035,-303.77,-3232,2364,32.98,-1362,1384,2650.78,1728.2980313895698,76,Walking,4,100
-2646.76,-9326,348,3022.84,-1132,12352,-381.34,-5898,3144,6742.78,4460.010128448443,-96.76,-3404,2521,-198.78,-3621,3139,0.88,-1613,1186,3174.82,2052.547636305289,77,Walking,4,100
-2553.84,-9098,160,3110.2,-696,13398,-405.08,-6734,3232,6765.6,4519.613355873016,29.15,-3326,2583,-51.45,-4821,2715,-137.6,-1721,1144,3443.96,2217.6589506314385,78,Walking,4,100
-2657.38,-10248,164,3175.2,-1296,12718,-379.76,-7504,3476,6994.46,4616.12348352308,21.37,-3012,2450,90.62,-3820,3313,-194.31,-1869,1213,3380.1800000000003,2164.7747261277677,79,Walking,4,100
-2732.08,-7726,-84,3250.4,-1034,13290,-485.12,-5482,3370,7220.360000000001,4809.878159607968,241.13,-3576,2363,-122.27,-4226,3408,-102.15,-1415,1578,3551.31,2287.7570760162907,80,Walking,4,100
-2628.0,-8742,-336,3235.72,-1486,13664,-458.68,-6408,3114,7151.28,4705.530486569702,211.12,-3146,2319,104.42,-2873,2746,-167.37,-1641,1310,3300.17,2077.702896029447,81,Walking,4,100
-2746.52,-8926,-240,3227.22,-1868,13232,-485.12,-6546,4228,7183.9800000000005,4764.5151551246745,-3.09,-4143,2432,99.97,-4155,2779,-207.15,-1691,1353,3385.63,2162.0998704907124,82,Walking,4,100
-2696.56,-8024,-478,2968.58,-1274,6974,-502.26,-5972,2306,6709.8,4400.5634643907215,108.64,-3407,2600,-100.09,-4956,2971,-160.02,-1500,1215,3239.25,2109.011439196749,83,Walking,4,100
-2588.98,-5488,-284,3220.92,216,13122,-20.74,-4648,3496,6487.24,4419.0125066270275,26.62,-2916,2297,-91.67,-3411,3138,-127.26,-1872,1271,3389.25,2153.4528403015643,84,Walking,4,100
-3012.68,-9116,-1168,3157.82,-1428,13930,-275.98,-7662,3946,7277.68,4844.805627335778,-56.63,-5197,2157,274.04,-3662,3510,-55.64,-2062,1242,3224.25,2082.7962843302203,85,Walking,4,100
-2830.84,-8492,46,3298.12,-1394,9850,-313.86,-4602,4286,7209.66,4811.727018398437,-311.98,-4004,2123,378.12,-2564,3660,-44.38,-2020,1345,3111.92,2014.2594041393293,86,Walking,4,100
-2678.24,-10322,-42,3250.88,-1116,12654,-351.42,-5470,4266,7125.9400000000005,4754.58292803085,-269.61,-2345,2378,-13.44,-4662,3954,-59.02,-1970,1105,3136.25,2009.7699222219262,87,Walking,4,100
-2569.9411764705883,-9156,-158,2896.1617647058824,-1340,15722,-590.5147058823529,-6814,3560,6916.176470588235,4497.542999454055,-269.1617647058824,-3367,2145,-108.25,-4531,3330,-130.97794117647058,-1627,1213,3181.4926470588234,2026.9567249632682,88,Walking,4,136
-2643.12,-10014,-364,3143.06,-1942,13572,-379.82,-6718,3654,6995.0,4593.515946545512,39.39,-2800,2024,-2.1,-4833,3499,-107.57,-1671,1489,3531.58,2245.095984370569,89,Walking,4,100
-2668.6,-10426,-310,3173.22,-2256,15182,-383.68,-6478,3304,7091.7,4722.3314864337235,134.47,-5051,2288,-10.51,-5795,3603,-157.24,-1693,1561,3599.38,2330.173685330332,90,Walking,4,100
-2693.26,-8910,-390,3252.54,-1082,9926,-495.74,-5852,3688,7221.54,4731.0144708318085,114.41,-3407,2317,32.5,-5920,3117,-103.97,-1563,1287,3491.66,2249.286437879562,91,Walking,4,100
-2889.614457831325,-9080,-670,3484.602409638554,-1302,12742,-520.722891566265,-7058,3774,7813.831325301206,5133.098870727618,143.19277108433735,-4934,2382,-296.8192771084337,-4883,3225,93.6144578313253,-1598,1676,3417.89156626506,2210.665978015864,92,Walking,4,83
-2754.14,-10108,16,3200.52,-2494,14080,-500.08,-9298,4908,7125.58,4726.650925958318,51.06,-5271,2270,148.78,-4780,3851,-155.53,-1782,1593,3387.37,2123.446050409838,93,Walking,4,100
-2720.3,-8666,-264,3298.5,-2848,16518,-475.62,-7518,4014,7295.74,4823.877032724578,38.0,-4104,2149,34.37,-5826,3238,-108.78,-1948,1899,3414.19,2184.7428917483385,94,Walking,4,100
-2711.88,-11142,-628,2940.66,-2378,10550,-323.48,-6468,4404,6834.58,4532.1906108231315,96.52,-3847,2316,-65.52,-5823,3272,-153.94,-1976,1316,3452.58,2203.877945252282,95,Walking,4,100
-2724.12,-9940,-684,3348.22,242,13022,-466.12,-6888,2762,7036.18,4681.8278124194885,62.63,-4409,2164,-33.82,-3743,3927,-11.43,-1850,1828,3488.7000000000003,2225.832437105464,96,Walking,4,100
-2432.36,-5116,-602,3118.12,-1440,14792,-199.58,-4966,3800,6454.02,4318.276829527773,1.77,-3434,2558,-192.18,-3046,2757,-108.76,-1838,2308,3227.15,2106.716862488368,97,Walking,4,100
-2756.92,-8522,-170,3288.36,-2256,16506,-223.02,-9940,4418,7343.9400000000005,4925.474483046336,243.66,-4645,2571,-33.77,-6065,3443,-72.31,-1656,1930,3580.16,2306.1203479406277,98,Walking,4,100
-2906.344827586207,-9252,-278,3462.8275862068967,-1308,17332,-499.86206896551727,-9400,3836,7762.0,5160.852516968465,105.02298850574712,-3372,2347,-365.6551724137931,-3846,2998,184.10344827586206,-1570,1983,3408.4827586206898,2239.2376475247734,99,Walking,4,87
-2877.7066666666665,-4918,-1520,3463.786666666667,-198,15566,96.26666666666667,-5632,3434,7062.56,4750.941939707951,333.68,-2935,2439,-150.48,-3807,2720,97.61333333333333,-1714,1886,3432.2533333333336,2182.4008611567165,100,Walking,4,75
-2726.6,-10222,-218,3237.32,-1948,13212,-379.44,-6880,4382,7219.8,4821.374683538962,-10.16,-3136,2257,-170.53,-3795,3764,14.0,-1651,1564,3306.9500000000003,2133.3390392974466,101,Walking,4,100
-2639.5,-10650,4,3228.78,-2534,16404,-385.12,-7614,4818,7233.360000000001,4795.2787231800685,-53.51,-4178,2155,-168.76,-4038,3414,10.47,-1862,1525,3433.4,2213.2449020980816,102,Walking,4,100
-2665.26,-11690,-414,3058.08,-1956,14348,-358.52,-7134,3348,6971.42,4577.505568526123,-35.48,-3071,2106,-223.36,-3372,3328,17.95,-1677,1480,3203.37,2043.5169798194868,103,Walking,4,100
-2648.4,-11600,190,3108.88,-2694,18450,-300.91,-8388,5416,7007.55,4684.69265180057,-246.01,-4276,2297,162.315,-3447,4068,-158.795,-2466,1785,3543.6,2241.1034345542134,105,Walking,4,200
-2751.6,-11708,270,3159.54,-2888,18474,-270.54,-5274,4782,7226.360000000001,4870.497316348672,-169.71,-4548,2114,265.57,-3260,4145,-257.81,-1856,2110,3604.65,2283.1045119184787,106,Walking,4,100
-2827.1958762886597,-8880,-458,3240.103092783505,-2088,15476,-397.36082474226805,-7968,4164,7342.680412371134,4888.940367808422,57.24742268041237,-3007,2517,112.5979381443299,-3689,3304,-207.61855670103094,-1806,1180,3426.041237113402,2175.4832345031755,107,Walking,4,97
-2844.3333333333335,-11246,2664,3316.8333333333335,-1692,11346,-475.7857142857143,-7356,3732,7495.285714285714,4955.231019769645,231.57142857142858,-3523,2374,259.4642857142857,-4691,4661,-329.39285714285717,-2056,1442,3803.4523809523807,2419.5716497693256,108,Walking,4,84
-2707.08,-12666,-128,3176.8,-2548,15448,-431.56,-6974,4274,7043.96,4739.026321398768,11.3,-5550,2675,103.85,-3606,3633,-137.1,-2097,1538,3572.09,2240.2687981980807,109,Walking,4,100
-2755.06,-10116,-508,3143.08,-2272,14972,-409.02,-7312,4626,7180.16,4718.681772828582,9.11,-2814,2535,50.5,-3243,3462,-202.9,-1794,1278,3345.21,2093.42565262018,110,Walking,4,100
-2828.36,-12028,-302,3100.48,-2808,10968,-390.16,-9412,2548,6954.28,4598.405193556037,61.83,-4763,2368,-16.39,-4583,4504,-84.95,-2729,1200,3400.83,2178.565570148486,111,Walking,4,100
-2433.84,-6436,560,3055.34,-3620,15094,-5.02,-5198,3790,6367.400000000001,4347.041915151361,125.01,-2827,2458,-177.04,-3288,3304,-48.6,-2120,1686,3273.21,2081.1041652315016,112,Walking,4,100
-2840.5625,-8038,-620,3370.8541666666665,-1384,11500,-406.2291666666667,-5836,3794,7392.479166666666,4910.421591093303,215.375,-2881,2479,61.604166666666664,-3462,2534,-35.114583333333336,-1912,1359,2976.0104166666665,1905.7917323173895,113,Walking,4,96
-2953.84,-8274,62,3175.2,-1442,13216,-439.6,-6858,3450,7319.52,4832.076612315923,-73.56,-3339,2119,42.9,-3440,3256,5.29,-2115,1325,3183.79,2085.886155292088,114,Walking,4,100
-2826.7,-10518,-472,3156.04,-646,10122,-361.14,-5734,3890,7039.08,4677.266906853841,-469.66,-3792,1542,313.72,-2179,4074,-18.16,-1521,1185,3035.68,1959.6814834900354,115,Walking,4,100
-2678.9,-9944,568,3083.7,-1488,16794,-363.78,-10460,4074,7087.78,4681.731022617107,-261.18,-4585,2417,-28.2,-3391,4179,-127.72,-1999,2195,3388.52,2168.269428584468,116,Walking,4,100
-2683.48,-8282,-100,3070.58,-1146,13432,-360.92,-6550,4734,7007.18,4578.752581495734,-214.73,-2567,2278,-95.19,-4851,3763,-100.4,-1719,1497,3423.7400000000002,2176.019548218166,117,Walking,4,100
-2541.08,-10628,-246,3184.6,-2818,16824,-431.84,-7944,4120,7156.96,4749.392961820781,5.68,-4946,2339,-5.97,-3677,4328,-121.54,-2111,1774,3587.83,2300.630861243105,118,Walking,4,100
-2680.7,-7462,12,3138.08,-2178,15950,-463.36,-8436,4448,7158.42,4726.8157804961465,24.47,-3688,2714,-27.78,-4805,4352,-205.58,-1665,1510,3663.91,2366.8542019466595,119,Walking,4,100
-2743.12,-9978,-144,3224.22,-3094,18206,-372.36,-8670,4060,7519.78,4976.848050469487,150.72,-5227,2575,-45.63,-4280,2992,-166.14,-1874,1558,3623.9900000000002,2316.739837495557,120,Walking,4,100
-2712.34,-12266,186,3241.36,-2812,14850,-418.42,-6640,4326,7337.360000000001,4870.115829915821,127.14,-3840,2644,36.7,-4019,4080,-158.56,-2106,1597,3527.9,2274.4731243790256,121,Walking,4,100
-2680.42,-7906,-430,3232.1,-2010,14234,-455.86,-8318,4544,7286.5,4830.167783111336,108.1,-4302,2208,108.89,-3377,2721,-148.33,-1992,1262,3294.1800000000003,2083.3085450237577,122,Walking,4,100
-2735.3924050632913,-8834,590,3308.227848101266,-2402,16782,-737.3164556962025,-8496,4802,7829.088607594937,5185.830727486219,202.2405063291139,-3962,2333,260.82278481012656,-4494,2724,-431.873417721519,-1683,1608,3710.025316455696,2382.1771756256653,123,Walking,4,79
-2661.04,-10934,-188,2922.06,-2714,8838,-456.88,-6668,4568,6858.26,4484.130920892658,68.75,-4135,2525,-52.85,-4076,3767,-153.05,-1933,1253,3494.57,2240.812018263076,124,Walking,4,100
-2738.9156626506024,-6234,-376,3550.120481927711,-1096,18386,57.30120481927711,-10068,4484,7186.819277108434,4863.639420881122,328.855421686747,-3848,2340,-179.84337349397592,-4620,2808,22.843373493975903,-1571,1692,3439.831325301205,2216.7652865363816,125,Walking,4,83
-2496.1612903225805,-5108,-332,3195.548387096774,732,6704,-176.41935483870967,-2090,726,6183.096774193548,4247.867792775066,329.96774193548384,-2741,2344,656.0483870967741,-2253,3121,-509.7741935483871,-1826,1307,3398.0806451612902,2105.327477627854,126,Walking,4,62
-2808.36,-10268,-750,3329.72,-2530,16914,-271.7,-6752,4658,7452.62,4949.567201830816,195.61,-3536,2681,-101.19,-5603,3959,-15.77,-1676,1355,3444.87,2229.7958659241867,127,Walking,4,100
-2785.18,-7780,-572,3320.98,-2420,16756,-390.24,-8390,4354,7473.2,4937.843515048284,77.11,-3987,2269,-132.24,-4481,3712,6.08,-1997,1428,3368.35,2174.666208899932,128,Walking,4,100
-2760.32,-11820,518,3243.84,-2282,14460,-429.64,-7636,3890,7316.0,4861.404484043629,34.77,-3610,2196,-183.84,-3890,4055,24.95,-2090,1599,3360.86,2177.7711176089742,129,Walking,4,100
-2451.777777777778,-10706,-458,2742.277777777778,-1890,13984,-467.27777777777777,-6286,3862,6794.555555555555,4375.871487939574,-514.3194444444445,-3312,1803,-457.9861111111111,-3964,3361,38.291666666666664,-1877,1850,3484.430555555555,2258.7868823153685,130,Walking,4,72
-2682.04,-10282,-324,3050.42,-2432,15470,-436.36,-7492,4778,7107.18,4697.726801464723,-28.45,-3938,2385,-236.82,-4233,3454,34.58,-1763,1918,3236.55,2106.6599472647754,131,Walking,4,100
-2584.82,-8736,-476,3127.16,-2244,15610,-409.64,-7636,4510,7116.9400000000005,4683.098634468156,-96.49,-3840,2234,-116.74,-4405,2852,-89.72,-1863,1238,3312.61,2124.072412399926,132,Walking,4,100
-2569.86,-9142,-654,3114.48,-1868,13932,-431.58,-6054,4138,6978.4800000000005,4612.134165730141,70.47,-3503,2292,-72.1,-4004,3143,-141.85,-1687,1253,3476.12,2218.5553834230836,133,Walking,4,100
-2713.56,-10004,-712,3194.7,-1794,13662,-414.4,-6322,3198,7093.14,4696.224977940486,112.76,-3189,2294,-8.73,-3055,2962,-195.4,-1989,1580,3307.19,2101.727021534571,134,Walking,4,100
-2770.0,-8246,-778,3196.2,-1144,13062,-372.94,-5648,2942,7072.7,4663.139433014894,141.0,-3726,2285,93.27,-2515,2452,-202.83,-1560,1308,3079.04,1944.6209022104658,135,Walking,4,100
-2654.62,-5134,-682,3137.1,2076,5690,-411.32,-3216,566,6379.04,4316.04869632299,-377.92,-2694,2083,747.5,-2845,2851,-266.19,-1341,1185,3062.91,1957.312851009172,136,Walking,4,100
-2593.8,-5230,-1116,3197.58,1564,6878,-265.7,-2516,1434,6400.360000000001,4249.785976887434,-567.15,-2227,1142,552.62,-1056,2382,-168.45,-692,565,1882.5,1263.150687511622,137,Walking,4,100
-2667.26,-4742,-772,3199.26,1788,4674,-167.2,-1620,226,6076.4800000000005,4232.361569832427,-68.05,-2032,1719,-126.9,-2777,1257,-9.66,-481,874,780.13,522.3073422373214,138,Walking,4,100
-2640.14,-3230,-2392,3150.02,2704,3402,-100.92,-342,160,5917.16,4118.395818366342,10.83,-351,284,56.29,-148,588,33.51,-62,165,298.65000000000003,200.0696176962039,139,Standing,3,100
-2573.5757575757575,-2668,-2484,3198.686868686869,3094,3310,-206.7070707070707,-310,-118,5978.969696969698,4111.17142175126,31.0,-63,123,-14.919191919191919,-109,66,-3.6666666666666665,-24,23,114.51515151515153,77.69736794464366,140,Standing,3,99
-2602.5822784810125,-2704,-2510,3176.506329113924,3106,3256,-208.65822784810126,-320,-128,5987.7468354430375,4112.352999416049,14.367088607594937,-31,49,8.835443037974683,-36,52,-0.6329113924050633,-32,30,49.60759493670886,32.99510943261992,141,Standing,3,79
-2574.12,-2660,-2452,3199.06,3106,3308,-192.64,-294,-60,5965.82,4111.433170571878,-9.7,-96,89,17.13,-54,98,7.53,-7,21,68.60000000000001,46.38161900566664,142,Standing,3,100
-2567.08,-2642,-2480,3212.2,3114,3286,-175.32,-296,-26,5954.6,4116.10473314916,8.03,-45,83,6.87,-68,61,1.09,-12,26,49.370000000000005,34.71126310232014,143,Standing,3,100
-2544.2,-2624,-2434,3233.58,3172,3328,-143.28,-254,-2,5921.06,4117.451431137366,17.42,-33,155,-14.69,-119,28,9.48,-4,41,52.47,34.74571159272553,144,Standing,3,100
-2531.22,-2856,-2198,3011.66,1966,3636,-846.2,-2318,-18,6389.08,4100.487892570502,195.93,-293,832,262.1,-129,1184,-95.81,-490,110,707.86,459.8876833985581,145,Standing,3,100
-2866.32,-6528,1890,3179.56,-170,6180,-671.5,-3430,2650,7147.14,4631.619343884354,19.65,-1609,2545,-216.23,-2726,4808,-141.93,-1533,1109,2692.4700000000003,1850.5814169163807,146,Jogging,0,100
-2681.2,-11568,3648,3660.76,-3218,16206,-271.36,-12646,9468,9342.84,6086.691756982565,-92.59,-5432,5700,-363.63,-10347,3726,257.64,-2825,3156,4886.92,3259.755106042839,147,Jogging,0,100
-2709.9,-9208,2652,3122.66,-582,15174,-553.22,-5960,7018,7676.74,4987.619035468919,154.31,-3272,5224,118.91,-6467,3347,-101.55,-2317,2631,3982.05,2589.055008878747,148,Jogging,0,100
-2593.66,-10028,1990,3422.6,-198,14558,-375.86,-5488,5368,7830.32,5149.778015765338,12.56,-4721,5430,-26.87,-6115,3155,-172.96,-2116,2854,3997.55,2643.9268733777776,149,Jogging,0,100
-3056.42,-9870,1976,3638.72,-236,13784,-310.98,-5836,5886,8700.84,5604.2158853213095,-18.57,-3635,5443,-216.15,-4730,4198,323.22,-2145,3175,4464.86,2932.8539290530834,150,Jogging,0,100
-2741.06,-10318,1868,3337.6,-560,15436,-595.88,-8074,6460,7848.7,5079.325844638817,118.02,-4240,5906,365.6,-5575,3706,-169.78,-2365,2812,3842.44,2545.833637965594,151,Jogging,0,100
-2391.28,-10300,1232,3134.48,60,11990,-480.86,-8890,3888,7154.54,4719.582889922299,-216.34,-3844,6304,499.18,-4224,5467,-102.32,-2517,2591,4127.3,2778.1587600305734,152,Jogging,0,100
-3014.26,-9276,1152,3649.8,-212,13388,-274.2,-5532,8854,8362.94,5422.808525948687,-582.16,-4466,3855,186.3,-4777,3940,189.49,-2692,2824,4095.29,2706.1348636958614,153,Jogging,0,100
-2743.58,-9944,1658,3749.02,-678,13048,-347.04,-6712,5204,8230.52,5392.7627400168185,212.52,-4453,4533,474.13,-3509,3246,-392.33,-2421,2731,3982.78,2598.184669772886,154,Jogging,0,100
-2363.2,-11362,3456,3446.24,-860,14858,-125.14,-6568,6426,8252.18,5393.338579788747,5.14,-3465,6004,-144.0,-4283,4024,124.81,-2431,4410,4376.7300000000005,2928.380536470656,155,Jogging,0,100
-2713.52,-10224,2434,3007.64,114,14950,-503.3,-11112,4542,7664.860000000001,4999.574203242861,-60.32,-5806,6847,-230.32,-4873,4533,149.0,-2372,3645,4085.98,2679.857479228599,156,Jogging,0,100
-2731.1,-10722,2470,3757.3,-260,14402,-212.16,-8246,5630,8406.12,5566.885639847968,18.73,-3416,6384,194.72,-4692,3475,-319.66,-2318,3929,4241.47,2831.4405314132305,157,Jogging,0,100
-2824.88,-9912,2426,3518.9,-1940,15934,-295.78,-19690,10582,8650.04,5713.8947750216375,58.48,-7376,5698,-319.36,-5167,3596,331.3,-2401,3941,4402.82,2962.49644551675,158,Jogging,0,100
-2576.24,-10566,1548,3243.52,-328,15666,-500.1,-4180,5530,7421.7,4850.102724618171,66.15,-2499,4941,217.62,-3892,3078,-60.44,-2576,3452,3689.03,2408.7169144765176,159,Jogging,0,100
-2421.94,-11106,2590,3381.46,-296,13360,-338.16,-4440,4516,7542.2,4981.096127739619,-30.19,-2803,4948,27.97,-3997,2614,-134.88,-2435,3536,3850.5,2554.2551042453742,160,Jogging,0,100
-2908.88,-9090,3140,3726.28,-72,14606,-192.0,-5118,5402,8549.6,5590.126509302808,-0.05,-2987,5925,-325.32,-5012,2375,308.12,-2150,3708,4105.63,2739.199774800931,161,Jogging,0,100
-2912.28,-10038,2178,3662.84,32,13698,-459.72,-14958,5436,8336.48,5478.075440705449,315.78,-3913,4842,257.08,-5287,3250,-309.22,-2280,3663,3879.84,2553.67066358797,162,Jogging,0,100
-2448.39,-10776,2738,3249.63,-580,14918,-302.12,-9458,5034,7596.96,4978.9891697457415,-75.97,-5036,5395,-101.01,-4713,2857,127.03,-2298,3538,3726.69,2473.199243876946,164,Jogging,0,200
-2759.02,-9642,1078,3649.58,-558,14208,-223.92,-4898,5710,7914.320000000001,5222.1130825126465,87.2,-3226,5273,323.5,-4850,2994,-280.92,-1959,3749,3911.12,2586.364206604685,165,Jogging,0,100
-2380.8395061728397,-8826,1938,3110.098765432099,-100,12702,-416.320987654321,-7464,7646,7217.0370370370365,4734.96663167019,-146.6172839506173,-4365,4486,276.74074074074076,-3511,4355,143.55555555555554,-1888,2681,3769.8024691358023,2485.581392818424,166,Jogging,0,81
-2722.12,-9036,1626,3423.08,26,12108,-424.68,-6772,6196,7817.28,5042.799355837935,-170.35,-3737,5514,705.18,-3750,4590,-131.81,-2284,2316,3876.36,2573.458424269095,167,Jogging,0,100
-2306.02,-8442,2068,3168.0,24,11674,-396.66,-7900,5910,7309.2,4744.260204244789,-137.08,-3426,6499,198.72,-3503,3666,-136.36,-2009,2371,3906.96,2593.306208038875,168,Jogging,0,100
-2923.3,-8506,1752,3665.46,-238,12320,-201.68,-5536,4694,8433.48,5450.863063884713,-308.83,-3626,6624,-164.62,-4057,4072,236.67,-2149,2530,4052.1,2665.2770569595327,169,Jogging,0,100
-2811.14,-9070,2498,3677.32,-214,13264,-303.94,-3902,6614,8139.8,5346.456200085015,283.99,-4874,4585,311.46,-4065,3690,-325.18,-2121,2314,3861.41,2546.016812919999,170,Jogging,0,100
-2287.4,-9470,2282,3285.1,-328,14554,-213.32,-12410,6942,7743.18,5060.890492106151,-51.0,-4642,7051,-85.6,-3955,4699,76.79,-2235,2542,4168.67,2785.253485673985,171,Jogging,0,100
-2692.68,-9338,2888,3101.36,-28,11982,-406.6,-4670,4678,7581.08,4929.4563945810605,-86.49,-2622,5158,-179.59,-5454,2976,163.84,-2071,2551,3727.38,2430.659684598222,172,Jogging,0,100
-2868.12,-9572,2246,3642.28,-1128,12752,-219.16,-6172,4636,8214.08,5378.552261019546,-123.51,-3203,5223,513.64,-4666,3815,-264.56,-2545,3161,4095.61,2705.4129173561905,173,Jogging,0,100
-2788.28,-8790,986,3497.94,-412,12474,-229.42,-4006,6168,7891.6,5123.418711440459,-435.63,-5198,4043,351.08,-4926,3677,111.24,-2539,1719,4040.9100000000003,2725.8962194467435,174,Jogging,0,100
-2533.1,-8258,1398,3221.42,-308,13058,-509.48,-5924,5230,7378.8,4738.22297673579,-121.32,-4264,4540,363.15,-4583,4086,-115.99,-2472,1928,3353.52,2245.2691107208575,175,Jogging,0,100
-2475.32,-8968,2672,3400.54,-2,12792,-251.48,-5804,6266,7698.1,5079.084657169044,-58.18,-4297,5087,56.09,-4774,2682,-170.54,-2082,2041,3943.63,2586.6145926878207,176,Jogging,0,100
-3213.6043956043954,-9212,2284,3859.076923076923,-168,13134,-218.17582417582418,-5922,4908,9062.417582417584,5833.221140834805,80.04395604395604,-4847,5235,-395.6043956043956,-4677,3015,417.2967032967033,-2470,2525,4181.1648351648355,2757.4249765500244,177,Jogging,0,91
-2801.52,-9582,2406,3680.02,-100,13302,-348.7,-3892,4626,8219.84,5353.42712879898,355.67,-4286,5446,251.57,-4478,2660,-272.66,-2580,2690,3920.08,2532.3924081249097,178,Jogging,0,100
-2241.12,-9594,2602,3240.48,-72,12440,-167.62,-4504,5188,7516.900000000001,4924.085010823267,5.74,-3504,6390,-48.88,-4413,3119,51.12,-2326,2519,3866.28,2569.2368626310194,179,Jogging,0,100
-2756.16,-10306,2724,3234.68,-156,12804,-454.82,-9634,7296,7848.14,5095.159662214742,-193.56,-4476,5591,-259.2,-5111,2516,218.05,-2292,2845,3922.15,2565.7097997853803,180,Jogging,0,100
-2876.44,-10014,2236,3765.14,-164,16232,-260.26,-12062,7064,8249.960000000001,5463.134032067049,179.49,-8888,6511,354.0,-4467,3598,-328.5,-2369,2805,4130.33,2716.7268994618394,181,Jogging,0,100
-2374.26,-9010,2766,3437.64,-502,13688,-137.92,-9982,9390,8106.74,5318.7011100541395,-35.75,-5611,5891,-191.74,-4259,3544,171.74,-2290,2831,4124.71,2744.08974568409,182,Jogging,0,100
-2623.9,-9694,1862,3114.2,-266,14134,-514.68,-5568,7002,7404.38,4849.751932764155,-4.19,-4594,5034,-77.46,-4232,2590,89.37,-2222,2727,3857.42,2524.092040366764,183,Jogging,0,100
-2632.54,-10388,3338,3602.88,-642,13782,-311.5,-4428,7166,8218.960000000001,5405.1731704509575,-31.13,-3732,4966,138.85,-4278,2427,-283.18,-2128,2908,4069.82,2634.9574356049397,184,Jogging,0,100
-2881.44,-8944,2100,3621.72,-756,14882,-260.48,-6694,7028,8540.36,5545.915384857903,57.03,-5011,6394,-314.9,-5023,4561,362.03,-2303,3248,4304.3,2814.5597771904645,185,Jogging,0,100
-2740.14,-10118,2422,3596.4,-662,14716,-458.56,-4620,5872,8168.34,5282.371297094349,169.02,-5522,5261,204.62,-5064,3166,-173.4,-2161,2553,3841.02,2469.024181081301,186,Jogging,0,100
-2202.74,-11248,3178,3014.44,-708,14240,-411.16,-13540,6484,7311.900000000001,4836.730834184728,-4.14,-5252,6402,1.41,-5106,3002,-95.92,-1909,2661,4124.77,2691.094280150068,187,Jogging,0,100
-3034.28,-9606,1862,3556.48,68,13534,-209.58,-5796,7716,8355.82,5373.654434050095,-51.21,-5220,5634,-274.57,-6156,3415,185.22,-2300,2304,4007.28,2650.7688764164004,188,Jogging,0,100
-2594.42,-8856,390,3190.36,174,11386,-373.4,-3190,2486,6748.42,4529.356086987317,-849.93,-2929,2714,1272.79,-1315,4596,-491.64,-1939,798,3537.96,2389.2719143018294,189,Jogging,0,100
-2403.0,-3744,-204,3355.84,2358,4942,-179.42,-2708,1458,6347.54,4251.521794837025,-108.17,-2055,1966,92.08,-1354,1802,-30.26,-630,656,1477.03,989.0284287616238,190,Jogging,0,100
-2545.5,-2730,-2220,3232.1,3080,3472,-102.18,-472,72,5884.26,4118.3986296725725,10.73,-204,149,-32.6,-158,142,-49.47,-173,29,181.74,120.50512206330671,191,Standing,3,100
-2600.46,-2898,-2282,3186.02,2868,3506,-50.32,-154,68,5843.16,4118.552800384731,15.66,-302,211,0.38,-265,406,-3.51,-64,63,242.21,158.60080714872595,192,Standing,3,100
-2585.3,-2760,-2486,3199.88,3120,3292,-57.32,-160,70,5850.42,4114.823777475031,9.93,-92,75,-0.16,-100,117,6.06,-19,40,67.17,44.81691042206431,193,Standing,3,100
-2547.66,-2658,-2428,3234.48,3124,3352,19.3,-148,162,5831.56,4118.155201312316,5.48,-83,81,-14.21,-138,78,13.28,-9,42,90.71000000000001,62.180865775302465,194,Standing,3,100
-2546.98,-2870,-2294,3224.88,2966,3410,33.76,-466,214,5863.62,4113.027276976226,-15.59,-278,199,18.04,-126,160,54.31,-28,204,145.64000000000001,101.83495928944559,195,Standing,3,100
-2720.0,-5588,-936,3169.5,1230,6592,-1027.1842105263158,-3252,1516,7112.157894736842,4564.351007021164,-308.13157894736844,-1652,1437,-530.6447368421053,-3681,1614,153.1184210526316,-729,1171,2570.0263157894738,1724.144471509065,196,Standing,3,76
-3066.92,-14724,2506,3808.82,-1264,14504,-431.3,-7264,7424,9187.44,5952.208630141866,431.58,-5693,6292,424.89,-10719,5478,-244.5,-2180,3744,4395.33,2963.4651850163687,197,Jogging,0,100
-2290.22,-11662,5012,3419.34,-1708,15350,-130.8,-13304,10666,9223.16,6057.815229170011,-50.02,-5238,7159,-243.69,-7667,3922,118.42,-2116,2995,4927.29,3229.4334829975,198,Jogging,0,100
-2684.94,-11842,4238,3146.66,-1134,14024,-468.54,-5920,6618,8081.74,5237.216889077844,57.78,-3789,5658,-158.29,-5562,3123,164.69,-2457,3082,4184.7,2680.3031390681863,199,Jogging,0,100
-2610.52,-11152,3916,3616.9,-2794,18754,-188.42,-6540,6406,9010.56,5989.610912150008,-0.66,-4833,6458,61.74,-5417,3908,-283.77,-3606,3234,4689.55,3091.026018776735,200,Jogging,0,100
-3024.06,-11502,2376,3640.86,-900,18862,-278.08,-9378,8408,8921.84,5794.355559158635,-60.73,-5466,7060,-81.74,-5734,4656,343.49,-2221,3458,4799.5,3172.175486345326,201,Jogging,0,100
-2727.04,-10554,1752,3282.52,-182,12912,-514.46,-9498,7352,7638.58,4915.410649054263,-134.95,-5457,5598,868.86,-4803,4200,-117.9,-2266,2601,4122.91,2752.2805162167306,202,Jogging,0,100
-2264.86,-11390,3590,3262.26,-720,14572,-275.0,-7552,8964,7700.32,5071.469769002232,-360.69,-4933,5696,532.59,-5270,5668,-246.32,-2624,2613,4331.68,2837.7878219100903,203,Jogging,0,100
-3008.82,-10408,3046,3867.86,-584,15484,-176.86,-10132,7092,9437.5,6038.3376253776,-138.62,-3025,6713,-424.72,-4904,4152,318.29,-2286,4100,4396.67,2885.9621323223428,204,Jogging,0,100
-2800.98,-9924,3098,3789.98,-32,15542,-241.76,-7690,7682,8628.44,5649.677105439612,299.17,-3833,6983,381.11,-4413,4078,-365.74,-2396,3062,4372.86,2866.2035657910374,205,Jogging,0,100
-2167.6,-10242,3830,3370.72,-372,17610,-78.56,-8328,8688,7996.04,5283.955991098536,14.28,-3874,6383,-165.78,-4820,3515,82.6,-2381,3411,4380.92,2894.399689329412,206,Jogging,0,100
-2707.72,-11026,3026,3166.7,-296,15106,-420.92,-6554,7154,7931.62,5216.041269362267,-114.7,-4358,6519,-157.89,-4861,3278,217.51,-2363,3641,4135.22,2691.490818533147,207,Jogging,0,100
-2633.04,-11056,3726,3772.06,-270,15360,-222.4,-5524,5960,8532.34,5674.156379071279,58.89,-3204,5796,148.54,-4401,2737,-308.51,-2566,3701,4175.9,2742.3678719964078,208,Jogging,0,100
-2821.98,-10700,3250,3737.18,-228,15390,-180.06,-9658,8080,8927.86,5808.633044524246,4.17,-5103,6479,-302.92,-5345,2911,355.65,-2177,3947,4422.26,2941.777618153562,209,Jogging,0,100
-2798.86,-10492,3226,3607.44,-584,14304,-365.32,-6614,4886,8432.02,5514.7416107325835,223.28,-3648,6368,266.55,-4219,2850,-175.49,-2230,3272,3983.46,2573.1101794629362,210,Jogging,0,100
-2212.16,-11038,3230,2997.28,-540,15574,-270.9,-4588,5706,7226.860000000001,4809.894510703623,42.64,-3866,6145,-12.51,-5630,3018,-46.69,-2316,4157,4132.4,2761.1811234175234,211,Jogging,0,100
-3006.14,-10016,3968,3817.4,-900,15416,-285.7,-7632,7228,9102.92,5961.14722238524,-170.69,-4457,6753,-331.77,-4994,2902,286.87,-2294,3503,4396.37,2862.24088978335,212,Jogging,0,100
-2825.44,-11602,3154,3672.9,-570,15012,-323.12,-11334,6650,8355.02,5514.613388732035,312.74,-3612,5164,291.79,-5219,2655,-363.61,-2258,3418,3994.54,2614.9553640290037,213,Jogging,0,100
-2227.54,-10638,2364,3256.78,-378,14474,-146.12,-3810,6286,7265.32,4794.7923237909245,-1.88,-3376,4960,-137.82,-3724,3054,109.19,-2328,2896,3780.31,2529.3652560642986,214,Jogging,0,100
-2661.76,-9566,1958,3172.08,-172,13386,-406.98,-5218,6096,7546.22,4901.343717579778,-212.04,-4078,5822,191.81,-4251,3600,259.46,-2411,3705,3863.61,2537.6626765349697,215,Jogging,0,100
-2765.34,-9648,1704,3750.02,-142,14876,-152.48,-6116,7408,8140.88,5376.007442192256,-345.24,-3331,5709,830.37,-2795,5021,-336.47,-2593,3559,4292.36,2829.2182446326433,216,Jogging,0,100
-2803.74,-9372,1650,3560.1,-556,14580,-173.14,-7222,6372,8324.42,5405.94722914847,-265.37,-5170,5335,-47.72,-6099,4279,187.82,-2125,2282,4432.99,2946.1092042482296,217,Jogging,0,100
-2679.44,-9514,2064,3566.9,-140,14128,-449.84,-5490,4252,7909.38,5157.980668258071,131.17,-4772,4577,240.32,-5422,3167,-171.6,-2602,2537,3736.57,2456.4027249228643,218,Jogging,0,100
-2293.1,-10066,2908,3084.3,-1362,13546,-374.04,-11812,5290,7364.4800000000005,4852.252979593582,9.85,-4842,6898,4.23,-5720,3344,-89.91,-2389,2885,4113.47,2767.4411819645993,219,Jogging,0,100
-2990.52,-10534,2722,3628.02,-312,14150,-70.74,-5388,6394,8792.52,5674.096229613333,-169.33,-4546,5457,-305.74,-5764,2951,235.33,-2069,3231,4026.2200000000003,2653.8957183607404,220,Jogging,0,100
-2747.26,-8942,2540,3659.44,-872,14746,-290.32,-9034,6366,8326.02,5459.055514055195,212.33,-4827,7758,494.83,-4413,5133,-248.52,-2425,3222,4245.42,2794.5673110726702,221,Jogging,0,100
-2467.4,-9058,2106,3270.86,-374,12672,-71.14,-8866,7060,7777.96,5005.643206335374,-405.93,-7094,6173,369.49,-6162,5715,104.87,-2010,2690,4657.25,3125.3039537579953,222,Jogging,0,100
-2587.56,-9456,1262,3176.68,-292,14504,-479.36,-5144,5902,7444.96,4794.083802751711,-278.61,-6592,5561,260.9,-4606,3931,45.75,-2182,2530,3971.28,2689.972924727736,223,Jogging,0,100
-2668.24,-9556,3192,3633.36,-602,16338,-230.44,-9412,7688,8279.68,5438.191386362937,-128.83,-4531,4074,252.72,-4084,3338,-308.22,-2042,2556,4043.01,2636.0340047683403,224,Jogging,0,100
-2818.84,-10578,3792,3698.88,-1018,15538,-210.54,-5852,6756,9025.54,5849.948860525527,-63.07,-5641,6155,-271.88,-4842,3831,270.28,-2231,3269,4605.35,3059.1981029748417,225,Jogging,0,100
-2732.92,-10792,3536,3460.82,-782,17176,-416.16,-4432,6224,8194.78,5330.355318172969,192.41,-4218,5890,243.48,-4461,3004,-144.62,-2321,2652,4027.55,2596.896787759786,226,Jogging,0,100
-2255.76,-10946,3714,3056.26,-614,14706,-344.46,-17964,7390,7771.68,5130.402206016108,39.68,-4970,5686,51.91,-5279,2813,-88.71,-2268,3735,4145.62,2686.160809587768,227,Jogging,0,100
-3014.88,-9808,3070,3822.32,-872,16164,-309.24,-18060,7426,9080.04,5920.156019334061,-190.78,-6363,5496,-398.81,-5044,3089,267.39,-2348,2900,4368.5,2877.91825065027,228,Jogging,0,100
-2846.42,-10914,3438,3659.52,-514,14920,-361.88,-9380,5614,8411.62,5480.65547295073,338.74,-5116,5644,295.33,-4676,2796,-289.16,-2317,2981,4007.13,2605.868091029869,229,Jogging,0,100
-2202.48,-10222,3184,3155.66,-652,15908,-241.76,-15596,8380,7707.26,5123.74527060288,33.78,-6388,6195,-91.35,-4915,3605,10.35,-2123,3276,4264.68,2813.9131808062207,230,Jogging,0,100
-2847.06,-10262,2684,3317.18,-1130,15304,-339.98,-5706,4946,8239.54,5359.275902407295,-222.5,-4822,5862,-238.51,-5397,3170,229.92,-2290,3488,4122.83,2691.5050286878886,231,Jogging,0,100
-2818.7012987012986,-10268,4424,3620.2077922077924,-786,14758,-217.84415584415584,-13170,7416,8930.987012987014,5842.696636928221,-38.74025974025974,-4254,5966,-186.12987012987014,-5424,2644,58.64935064935065,-2212,3118,4383.285714285715,2893.799906626856,233,Jogging,0,77
-2592.92,-10344,3852,3040.88,-870,15020,-534.6,-7218,6196,7758.52,5056.3835439694785,48.25,-5223,6839,9.94,-5951,3442,31.5,-2342,2535,4137.45,2710.961288951361,234,Jogging,0,100
-2615.48,-10820,2826,3579.3,-378,13612,-304.54,-5798,6136,8126.88,5321.772292640281,-74.48,-6008,6460,76.6,-6130,3544,-285.54,-2186,3527,4071.4,2676.4390435549476,235,Jogging,0,100
-2774.5,-10654,1448,3418.86,-1258,22096,-255.38,-7348,5700,8086.1,5175.007243338986,182.79,-3447,4805,-19.59,-4675,3301,56.03,-2211,3039,3913.81,2560.800187182475,236,Jogging,0,100
-2582.3953488372094,-5100,-794,3182.7441860465115,1140,5146,-34.627906976744185,-1894,1866,6419.53488372093,4309.77508452247,-950.6279069767442,-2602,1005,705.0930232558139,-3827,3551,-105.72093023255815,-1050,1349,2962.4883720930234,1958.9612621448794,237,Jogging,0,86
-2511.74,-3846,-954,3382.34,2322,5356,188.42,-2378,1266,6296.82,4301.635739226357,-281.07,-4295,1152,117.62,-1931,2132,-12.95,-360,746,1038.42,719.3065994549097,238,Jogging,0,100
-2516.02,-2622,-2302,3259.22,3132,3390,25.88,-120,168,5822.04,4118.366797712147,10.45,-81,110,9.41,-110,128,-18.72,-64,11,106.3,71.28228733519884,239,Standing,3,100
-2573.8,-2686,-2490,3209.0,3108,3292,13.32,-140,134,5830.4800000000005,4114.42466625104,6.11,-59,94,7.72,-61,95,-5.49,-29,29,65.4,43.65403319931238,240,Standing,3,100
-2563.22,-2754,-2364,3215.42,3058,3408,83.92,-58,284,5864.28,4114.730015566586,-9.37,-133,185,-4.24,-194,130,3.14,-68,41,149.29,96.2479692012763,241,Standing,3,100
-2561.7,-2686,-2448,3224.42,3106,3342,106.46,-54,282,5898.3,4120.8802140546995,40.05,-105,213,-0.71,-194,130,0.38,-54,28,143.46,98.11563638860501,242,Standing,3,100
-2526.62,-3440,-1986,3156.52,2676,3380,96.56,-230,816,5855.82,4059.9658822651654,-119.87,-503,261,-202.67,-847,104,106.94,-2,443,499.68,334.36144157074415,243,Standing,3,100
-2982.78,-14364,4234,3282.36,-2632,13022,-572.74,-5950,6166,8751.72,5740.6346602376725,264.78,-3939,4524,182.27,-6752,5026,-67.1,-2360,2939,3905.9900000000002,2575.3836510259544,244,Jogging,0,100
-2499.96,-13754,5736,3437.46,-1648,16430,-226.48,-9248,9220,9260.26,6123.134033061786,-93.95,-5336,6936,146.85,-7737,3979,-192.13,-2815,3556,4868.97,3161.24608950562,245,Jogging,0,100
-3172.78,-12544,4728,3888.68,-1052,18740,-201.98,-6964,8578,10332.960000000001,6683.882569602905,22.42,-5830,6381,-480.43,-6668,3855,382.14,-2584,4294,5275.39,3411.897320106653,246,Jogging,0,100
-2886.3,-11796,5068,3715.86,-1710,20742,-320.3,-8038,8004,9386.7,6200.09377576567,464.11,-5578,7063,278.61,-6330,5378,-296.94,-2529,3520,4866.88,3136.4281122282905,247,Jogging,0,100
-2174.12,-10834,3642,3176.02,-1904,16494,-189.48,-7848,6866,8132.34,5314.86807878148,-32.7,-4276,6532,-21.78,-6007,4064,40.36,-2415,3251,4628.46,3064.0730826976196,248,Jogging,0,100
-2792.6,-10782,5336,3275.28,-648,12316,-588.3,-16976,7176,8312.78,5427.166219720583,-485.58,-5376,6634,393.82,-6122,6425,267.41,-2582,3319,4663.79,3024.217474794903,249,Jogging,0,100
-2634.52,-11540,4036,3691.0,-1304,16342,-229.4,-23574,9542,9536.4,6233.701285432035,-118.38,-5838,5787,-373.34,-5120,4242,218.91,-2580,4978,4965.71,3220.560371132963,251,Jogging,0,100
-2603.86,-9718,4030,3462.72,-276,13538,-435.24,-10256,8640,8348.460000000001,5513.223225412907,169.03,-4971,7154,196.73,-4773,4749,-63.69,-2736,4243,4485.09,2918.137402204864,252,Jogging,0,100
-2356.44,-12228,4276,3410.28,-1128,16348,-387.68,-24028,8584,8664.44,5667.931435287351,66.71,-4496,6161,17.8,-4272,3400,-95.49,-2714,5020,4565.84,3001.749279527316,253,Jogging,0,100
-3027.68,-11876,3544,3846.56,-856,16548,-151.84,-13126,6586,9347.2,6074.579863529548,-137.06,-4256,5356,-362.3,-5865,3055,347.1,-2611,4612,4577.12,2987.8068971567236,254,Jogging,0,100
-2796.66,-11434,3624,3818.98,-178,18286,-323.72,-23486,10268,8969.76,5963.2425691050175,371.9,-4190,5563,287.46,-3825,3436,-380.56,-2817,4263,4245.88,2781.315811324517,255,Jogging,0,100
-2147.28,-10522,3780,3395.02,-582,15452,-118.48,-12210,7692,8488.78,5635.186608401487,-35.44,-4014,7488,-120.68,-4460,3758,67.84,-2469,3229,4642.92,3071.6892540832987,256,Jogging,0,100
-2678.24,-10182,4054,3232.62,-1310,14968,-374.2,-6252,6612,8234.1,5327.294773680494,-122.63,-3839,5939,-140.85,-4524,3212,287.56,-2462,3750,4381.96,2824.7158289846448,257,Jogging,0,100
-2690.18,-12854,3936,3862.84,-608,18072,-188.1,-8826,5608,9109.56,5973.373912510695,104.78,-4661,6577,153.47,-6676,3917,-316.06,-2877,4372,4620.25,3033.5355170517364,258,Jogging,0,100
-2759.48,-12094,4102,3766.92,-462,16614,-111.98,-16906,7402,9364.26,6114.951153274756,19.32,-3533,5978,-317.55,-4794,3115,344.06,-2658,4579,4650.97,3024.200088634708,259,Jogging,0,100
-2604.2,-11882,4134,3308.8,-758,17206,-546.88,-21366,8280,8243.12,5416.491403984389,111.0,-3563,4345,202.1,-4002,2747,-140.07,-2779,4237,3875.87,2499.459064929723,260,Jogging,0,100
-2412.66,-11202,4090,3400.56,-498,14852,-405.38,-15478,7848,8344.68,5502.419525438941,-26.86,-3417,7011,285.53,-3575,4393,-58.47,-2549,3825,4528.74,2945.0699946621376,261,Jogging,0,100
-2962.76,-10152,1886,3800.32,-3132,15298,-338.6,-15200,9464,9281.04,6061.748650028553,-429.86,-5185,6270,187.47,-4694,3763,305.62,-2518,3791,4661.93,3095.2296241429144,262,Jogging,0,100
-2793.72,-11368,3622,3850.4,-274,15160,-185.82,-8166,6878,8903.14,5769.4589171759735,81.93,-4291,7174,742.95,-3592,4081,-417.48,-2464,3563,4573.4400000000005,2952.3671861971907,263,Jogging,0,100
-2181.7,-12794,4182,3441.78,-1572,15930,-171.14,-13490,9164,8667.9,5604.296418024045,-183.4,-5844,7626,6.28,-4487,4940,13.44,-2384,3827,4564.86,3042.912785584274,264,Jogging,0,100
-2738.42,-11914,3612,3207.86,-1266,16350,-444.36,-8144,4934,8460.960000000001,5475.6235200708725,-1.02,-3692,6581,-237.16,-6262,2681,174.15,-2415,3229,4380.57,2874.982940435688,265,Jogging,0,100
-2600.0,-12068,4234,3736.86,-890,16284,-167.14,-6142,6422,8782.32,5771.064010622775,-31.62,-5276,6423,91.75,-3995,3807,-288.92,-2859,3961,4618.17,3023.313312239843,266,Jogging,0,100
-3014.7,-9594,2140,3693.52,-2168,16334,-302.78,-7908,7758,9112.16,5895.611030804949,-125.04,-6891,6710,21.87,-5059,5120,375.69,-2615,3280,4733.7,3123.1857566789918,267,Jogging,0,100
-2869.56,-10346,1434,3691.26,-562,15466,-322.08,-8724,10594,8701.14,5647.781919659602,-5.23,-7432,6504,854.08,-4975,6978,-200.41,-2841,3232,4557.52,3044.8195744656796,268,Jogging,0,100
-2041.5,-9984,3952,3096.32,-1298,13664,-233.6,-8858,7640,7923.900000000001,5174.201951684066,-261.78,-6208,8115,272.7,-6254,4913,-208.84,-2682,2352,4645.26,3102.971312401364,269,Jogging,0,100
-2893.32,-10842,4108,3552.5,-1392,15894,-261.2,-6428,7060,8864.02,5776.241048096425,-321.87,-4361,5704,-239.83,-6044,3277,233.73,-2460,2937,4426.97,2913.2679460886093,270,Jogging,0,100
-2744.5882352941176,-10442,4390,3728.141176470588,-1352,17996,-75.55294117647058,-17342,7176,9175.858823529412,6054.136926644279,35.694117647058825,-4252,5589,67.44705882352942,-5680,3144,-231.25882352941176,-2329,2841,4773.905882352941,3117.7023739596098,271,Jogging,0,85
-2589.18,-11220,4506,3609.14,-1008,17918,-154.64,-16716,8908,9565.32,6289.595084696569,-9.39,-7535,7481,-399.69,-4906,3475,300.34,-2706,2768,5114.42,3341.92274810732,272,Jogging,0,100
-2589.413043478261,-11072,4328,3107.1304347826085,-628,16376,-496.4782608695652,-10076,7024,7976.630434782608,5198.277024184417,-54.26086956521739,-4749,5361,33.02173913043478,-4024,3092,72.29347826086956,-2260,3252,3959.315217391304,2586.243346487797,273,Jogging,0,92
-3050.88,-11530,4224,3812.78,-664,14950,-227.04,-18070,6340,9641.380000000001,6184.99757496858,-87.38,-4593,4719,-334.6,-5155,2576,331.7,-2379,3543,4236.56,2801.4624972537063,275,Jogging,0,100
-2835.92,-13436,5942,3761.22,-1550,17508,-262.0,-4938,7544,9083.74,5919.9098539041115,404.75,-4502,4547,244.18,-4139,3114,-321.48,-2515,3270,4269.55,2729.8527082315877,276,Jogging,0,100
-2097.24,-12208,4852,3052.06,-1016,15886,-366.44,-28168,7674,8348.06,5478.2176999675585,-37.1,-7395,6467,-50.96,-3772,2852,0.21,-2242,4443,4549.21,3030.510949224102,277,Jogging,0,100
-3058.387755102041,-11990,4070,3597.3061224489797,-572,17054,-217.46938775510205,-10918,7022,8992.020408163264,5819.233107064233,-215.8469387755102,-4019,4639,-264.18367346938777,-4814,3678,347.3979591836735,-2071,3116,4296.183673469387,2774.742218458397,278,Jogging,0,98
-3434.814814814815,-10672,516,4226.259259259259,-154,15158,-165.11111111111111,-4816,5018,9380.185185185184,6060.889300906721,-29.64814814814815,-5410,3578,428.31481481481484,-5120,3881,-95.4074074074074,-2101,3296,4626.333333333333,2947.9765417290346,279,Jogging,0,54
-3213.641025641026,-10070,3008,3980.8205128205127,-708,14238,80.97435897435898,-5794,7764,9646.461538461539,6234.942201306824,-215.9102564102564,-5901,4511,71.67948717948718,-5834,3879,217.89743589743588,-2033,2710,4472.74358974359,2961.6742674909024,280,Jogging,0,78
-2619.14,-9104,2710,3090.92,-452,12620,-497.42,-10784,7214,7541.4800000000005,4858.814471407237,-296.11,-7053,4737,491.84,-4271,4260,-6.1,-2000,2304,4206.59,2736.08269050002,281,Jogging,0,100
-2513.22,-10978,3618,3627.3,-550,14460,-203.76,-6956,5590,8515.28,5549.034076378168,-305.19,-5432,4513,378.75,-4085,4119,-375.97,-2277,2637,4267.11,2797.1479082200904,282,Jogging,0,100
-3041.44,-12052,3922,3808.52,-700,14970,-325.38,-26958,7276,9579.18,6214.552388045179,-43.17,-4773,4921,-361.97,-4634,2974,328.7,-2239,3394,4551.58,2922.7768804575844,283,Jogging,0,100
-2854.52,-11708,2850,3718.38,-582,15508,-343.1,-5874,5570,8724.960000000001,5664.183085576724,338.89,-3287,4902,275.44,-5068,3504,-253.4,-2587,3204,4182.67,2691.91604977378,284,Jogging,0,100
-2159.5384615384614,-12158,4058,3141.2747252747254,-880,15302,-290.13186813186815,-12896,5806,7977.846153846154,5207.823658787227,28.428571428571427,-4134,5052,-77.21978021978022,-4836,3331,10.461538461538462,-2417,2921,4267.34065934066,2803.435804430224,285,Jogging,0,91
-2914.98,-9298,2578,3528.76,-640,14422,-240.52,-4978,7710,8469.14,5494.128715036041,-234.39,-4715,5205,48.83,-4580,3894,279.71,-1936,2949,4035.87,2643.7685774268875,286,Jogging,0,100
-3021.230769230769,-10614,1768,3709.230769230769,-528,12424,-162.83076923076922,-4026,2990,7996.738461538462,5220.0464821385285,92.61538461538461,-3328,3440,1735.2153846153847,-1303,4075,-1083.6,-2135,467,4299.246153846154,2773.0588604652253,287,Jogging,0,65
-2284.6,-11222,2606,3358.88,-1142,14352,-170.54,-21012,8008,8464.18,5574.978395193283,-230.25,-5721,5619,90.07,-4910,3266,29.78,-2421,3487,4380.54,2929.476168581617,288,Jogging,0,100
-2648.06,-10200,3104,3212.46,-540,15792,-622.9,-24724,7684,8352.62,5408.464778161578,-147.62,-5808,5273,-75.89,-6090,3807,125.43,-2581,3609,4265.36,2756.0154785695595,289,Jogging,0,100
-2750.48,-12268,4998,3798.02,-926,14464,-269.78,-24706,9376,9491.12,6188.524486243603,16.87,-3514,5753,175.59,-5637,3647,-311.02,-2519,4012,4427.16,2915.201057976322,290,Jogging,0,100
-2905.04,-12476,3622,3767.0,-764,16940,-276.86,-32768,8690,9840.66,6391.103863214576,-26.37,-4789,6425,-335.65,-6227,3023,374.85,-2702,4204,4560.650000000001,2992.862123224265,291,Jogging,0,100
-3600.4,-11412,1356,4433.7,-836,17076,-389.75,-6140,4716,10092.150000000001,6513.551001917729,434.2375,-4169,4002,369.425,-6750,3352,-355.025,-2813,4089,4276.087500000001,2748.1431075600585,292,Jogging,0,80
-2108.58,-11158,3970,3089.06,-1208,14358,-411.74,-8110,5944,7927.7,5156.204693101106,4.12,-3632,5713,-103.21,-5735,3605,-37.93,-2637,3802,4311.56,2844.4005781026394,293,Jogging,0,100
-3014.0,-12408,3534,3676.84,-1272,14498,-112.98,-8524,5882,9495.460000000001,6066.246123481205,-213.56,-4270,5151,-228.46,-6898,4128,329.65,-2748,3855,4655.39,3015.375002106319,294,Jogging,0,100
-2830.62,-11952,3452,3887.3,-804,17144,-320.76,-9254,5918,9151.92,5979.301846748352,267.62,-4648,4769,418.78,-7378,3151,-365.95,-2969,3789,4590.63,2977.0324644464313,295,Jogging,0,100
-2365.66,-11184,4330,3576.7,-1554,16264,-97.58,-16010,7166,9060.98,5900.508689201199,-0.54,-4269,6084,-271.79,-5062,4298,206.32,-2536,4415,4454.150000000001,2915.3337856093563,296,Jogging,0,100
-2635.86,-11050,2598,3062.3,-786,16340,-621.6,-26854,9000,8048.8,5240.99005550988,-14.79,-3889,5040,62.32,-5358,3004,132.71,-2308,3941,4011.0,2621.1180764526916,297,Jogging,0,100
-2538.84,-11188,3388,3665.08,-598,13718,-363.98,-13468,7310,8380.82,5532.024508077498,-24.07,-4158,5121,117.79,-4957,3165,-266.98,-2214,3558,4195.74,2735.064390559843,298,Jogging,0,100
-3016.38,-9712,2534,3665.34,-644,14248,-296.74,-9520,8830,8778.380000000001,5734.791227679134,-135.55,-4602,7401,-5.45,-6003,3862,406.16,-2454,4206,4493.68,2967.217922398064,299,Jogging,0,100
-2957.56,-10420,2890,3740.74,-698,13974,-251.08,-5772,5638,8881.34,5711.2852757019,-111.23,-3674,5972,946.87,-3770,4048,-351.88,-2321,3655,4460.4800000000005,2873.2960028942516,300,Jogging,0,100
-2109.2,-10590,4752,3265.64,-504,15776,-18.58,-7450,8136,8274.5,5424.935280508862,-212.04,-4394,7234,188.54,-5724,3846,-161.82,-2284,3228,4675.96,3103.616695745733,301,Jogging,0,100
-2737.8,-10196,3142,3408.64,-1076,18626,-288.54,-6064,4302,8579.78,5548.074118669291,-177.02,-5783,5982,-301.56,-5593,3105,273.03,-2415,3805,4301.15,2827.951664727547,302,Jogging,0,100
-2712.0,-11658,4032,3744.6,-464,17108,-89.5,-5904,7960,8685.94,5727.212748783963,201.33,-3448,4995,222.35,-5023,3059,-325.29,-2552,3746,4226.29,2759.7278204802856,303,Jogging,0,100
-2794.08,-10680,3400,3641.38,-682,14850,-172.16,-11958,6210,9102.22,6009.696232739629,-88.12,-3820,5744,-228.56,-5643,3323,339.31,-2420,3625,4408.37,2865.2653398762295,304,Jogging,0,100
-2838.4,-10756,2072,3528.32,-1634,13556,-324.16,-8264,9336,8500.8,5517.951151398614,-41.74,-5573,6147,802.36,-2694,5358,-172.65,-2169,4041,4151.63,2760.9424835289024,305,Jogging,0,100
-2207.78,-9916,4062,3147.92,-986,15738,-503.42,-26936,9300,7872.76,5248.953122733632,-324.7,-6653,6208,428.63,-3333,4199,-192.51,-3010,3103,4570.64,3024.8574655124276,306,Jogging,0,100
-2980.04,-8796,4084,3714.1,-826,15490,-157.66,-16200,7750,9299.64,5998.338340307815,-379.0,-5723,6811,-171.02,-5179,4410,268.47,-2264,3714,4695.01,3071.528052793814,307,Jogging,0,100
-2801.42,-11954,4724,3806.14,-486,17708,-227.46,-6836,5572,9039.18,5911.402406891853,282.36,-5660,6609,303.43,-5481,3181,-398.05,-2718,3343,4648.18,3034.9070481726467,308,Jogging,0,100
-2379.66,-11028,5426,3514.66,-2420,16610,41.92,-8104,5758,9111.84,6001.43932683585,-90.21,-4413,7283,-254.92,-5799,4220,203.86,-2823,3004,4978.01,3277.28922013921,309,Jogging,0,100
-2660.26,-9470,4210,3084.96,-534,15040,-490.72,-11594,7790,8021.34,5242.787754323465,66.03,-4433,6504,27.14,-4456,3433,82.66,-2139,2870,4304.51,2793.584682457481,310,Jogging,0,100
-2536.6,-11034,4436,3601.92,-702,17764,-252.76,-21440,8590,8809.800000000001,5874.493827418523,-54.41,-4145,5817,85.46,-4353,3479,-232.75,-2548,2929,4544.3,2976.932560461166,311,Jogging,0,100
-3079.84,-11144,4768,3788.96,-656,15044,-275.66,-21368,7876,9773.14,6289.066378264745,-21.41,-4610,7746,-376.23,-5449,3815,361.84,-2767,3367,4759.400000000001,3101.163022603431,312,Jogging,0,100
-2835.74,-10692,4876,3767.64,-890,17136,-368.0,-12362,5670,9189.58,5969.410734522569,322.79,-4426,5969,309.51,-5176,3398,-208.62,-2349,3345,4316.4800000000005,2819.347097542149,313,Jogging,0,100
-2184.46,-10954,5198,3006.94,-692,14874,-414.86,-19300,6184,8006.7,5290.796831270143,-47.0,-5061,7122,-45.85,-5360,3896,-70.8,-2410,3311,4459.49,2958.996495279853,314,Jogging,0,100
-3036.24,-12468,3978,3545.24,-738,18298,-20.54,-6810,7084,8977.54,5813.35602449993,-194.54,-4793,4228,-304.16,-5154,3074,282.98,-2318,3035,4165.9,2728.6709415857786,315,Jogging,0,100
-2881.38,-11836,3168,3732.78,-696,16608,-145.5,-5628,6264,8890.26,5818.466155541362,312.99,-5280,5594,382.6,-4834,4232,-336.89,-2379,3477,4303.34,2857.6432660775663,316,Jogging,0,100
-2680.8,-9840,1796,3103.36,-804,15370,-284.44,-9530,6610,7590.56,4958.421411650346,-85.53,-3991,6629,-316.86,-5942,3907,168.06,-2690,2840,3829.4300000000003,2553.427120234167,318,Jogging,0,100
-2789.1,-9522,716,3518.0,676,11578,-17.0,-4190,5576,7352.22,4972.092123878648,-948.51,-4611,2302,1349.66,-3005,5414,-598.94,-2167,783,4151.09,2760.8171482014823,319,Jogging,0,100
-2477.02,-4106,-748,3273.52,2270,4574,12.62,-1844,1308,6287.12,4230.475845210243,32.48,-1549,1747,-34.14,-1289,1166,-23.41,-443,592,1058.79,724.460555702315,320,Jogging,0,100
-2556.12,-2724,-2444,3228.74,3128,3310,91.2,-52,202,5879.54,4119.854944318331,-35.4,-230,110,66.07,-23,266,-6.83,-61,53,158.22,105.9028629188332,321,Standing,3,100
-2590.56,-2698,-2444,3193.8,3098,3306,-10.34,-202,134,5836.38,4113.320799125709,49.23,-3,138,8.2,-86,97,-16.96,-47,5,109.97,72.34323976291975,322,Standing,3,100
-2600.3,-2770,-2428,3176.22,3044,3352,-142.1,-312,-18,5918.62,4108.788980650959,5.87,-111,150,20.82,-190,148,11.94,-34,59,114.99000000000001,78.29204036974636,323,Standing,3,100
-2558.86,-2706,-2460,3224.58,3122,3334,-59.74,-258,94,5855.38,4117.947439436332,3.48,-108,100,-23.54,-131,40,3.31,-36,40,75.57000000000001,52.58051515886183,324,Standing,3,100
-2544.56,-2692,-2438,3235.44,3086,3306,-6.94,-84,74,5812.3,4116.738066118403,-6.17,-69,49,14.84,-66,98,2.51,-18,36,63.54,43.33563995677747,325,Standing,3,100
-2525.72,-2662,-2364,3242.32,3128,3364,49.18,-230,472,5838.22,4111.989423475446,3.0,-168,186,10.59,-128,266,3.7,-69,168,78.33,53.209773405475396,326,Standing,3,100
-2540.42,-5450,310,3039.84,-610,7408,-130.64,-3836,1198,6172.62,4195.449181810742,-126.29,-3664,2176,220.43,-3467,3970,30.32,-1822,1307,1975.1200000000001,1304.1447354740837,327,Standing,3,100
-2691.58,-19914,3016,3620.2,-2204,14720,-483.84,-9148,3632,8503.58,5707.860736274688,1.58,-9129,4458,-38.97,-6058,6916,147.17,-3450,2946,4486.16,2910.9440657833557,328,Side-Step,2,100
-3297.5238095238096,-20036,2586,3160.8571428571427,-1872,19808,-427.1111111111111,-16768,4054,9230.825396825396,6216.180261036493,-409.93650793650795,-7868,3476,393.58730158730157,-6408,9426,497.2063492063492,-4079,6011,6210.6984126984125,4013.1065402602485,329,Side-Step,2,63
-2110.0,-12830,1902,3122.76,-3022,12400,-715.34,-13388,3654,7265.54,4941.410158603875,-207.0,-6242,3346,-181.64,-4855,9635,-207.35,-4530,4491,4820.51,3175.822358345941,330,Side-Step,2,100
-2999.288888888889,-17014,2328,3451.8,-2510,18894,-626.7777777777778,-12612,7466,9048.711111111112,5999.402497726693,-114.3,-6503,4460,18.044444444444444,-6096,8461,550.9777777777778,-3353,4872,4910.144444444445,3250.63120468517,331,Side-Step,2,90
-2564.56,-16112,3830,2773.92,-2416,14428,-529.06,-14598,7250,7946.22,5357.859155290893,-241.03,-4252,4394,162.51,-6811,8726,-78.28,-3683,6121,5498.42,3532.6750865874765,332,Side-Step,2,100
-1774.22,-20010,3308,3197.26,-1710,17604,-500.8,-10616,3012,7229.52,4933.61488890395,-93.83,-6152,5600,-483.97,-10738,9794,-166.86,-4471,4173,5279.3,3482.9366072637854,333,Side-Step,2,100
-3119.6,-14558,1936,3934.7,-5044,16054,-587.6,-18068,9106,10036.22,6781.858894398738,59.35,-11129,5610,-18.26,-9792,17292,465.85,-4728,7958,6453.58,4174.355969665555,334,Side-Step,2,100
-2429.02,-17414,2582,2913.12,-2438,27034,-548.06,-14994,6180,8457.48,5787.601793307263,-196.71,-10402,7327,-146.65,-7465,21035,285.03,-5604,8683,7120.71,4591.108110171507,335,Side-Step,2,100
-1953.36,-22098,3168,3588.28,-3138,20266,-844.56,-24318,6946,8830.36,5878.113398280551,-270.05,-9484,6625,117.43,-10621,13197,-167.43,-6276,7463,6364.650000000001,4152.221558161203,336,Side-Step,2,100
-2662.18,-21034,3886,3089.08,-3064,16836,-316.8,-15386,6142,8400.86,5854.869111343541,213.77,-7039,8126,-473.75,-11530,12481,-283.3,-5935,5108,5559.26,3789.7005219975663,337,Side-Step,2,100
-2694.04,-11232,2082,3636.73,-2578,32767,-817.04,-14896,9052,9412.81,6372.218843133411,2.82,-24500,9128,-102.99,-9743,18807,671.7,-5163,12652,6612.93,4286.338031093444,338,Side-Step,2,100
-2073.2,-12840,2384,3368.68,-2396,21316,-609.14,-17482,4544,8204.34,5525.627710870659,62.24,-8255,8273,120.67,-7370,23209,-34.82,-3539,8642,6551.51,4304.085595123376,339,Side-Step,2,100
-2169.505154639175,-14306,2058,3187.278350515464,-3384,14394,-614.3092783505155,-5458,3786,7614.639175257732,5385.354835146378,-318.58762886597935,-4131,3694,-5.412371134020619,-5996,3943,-118.81443298969072,-3861,6706,5458.40206185567,3658.1281311055236,340,Side-Step,2,97
-2339.78,-13976,1852,3681.12,-2286,27852,-906.2,-13644,5480,8743.18,6373.557261063032,-177.17,-13405,7922,-124.78,-6532,10373,439.18,-5706,11724,6131.91,4104.010050409018,341,Side-Step,2,100
-2397.56,-13960,1902,2976.52,-3724,22252,-683.64,-8828,5754,7578.32,5263.726507702523,-79.33,-6449,7386,-157.56,-9158,8004,-208.75,-4763,9262,5556.9400000000005,3561.9654711912776,342,Side-Step,2,100
-2454.1,-15464,2104,3197.52,-2708,17092,-349.4,-10298,8596,7360.78,5024.670260013527,-322.83,-6233,2951,31.92,-5871,9890,177.92,-3643,3436,4885.35,3326.386655796804,343,Side-Step,2,100
-2750.14,-5046,88,3043.9,1370,6346,-154.92,-3016,2070,6561.2,4408.8163806275,1142.62,-1949,4361,-1675.83,-5200,579,46.89,-1224,1193,3434.06,2344.0910790335565,344,Side-Step,2,100
-2867.04,-3336,-2288,2904.9,2696,3368,-94.66,-744,614,5943.400000000001,4090.68015451984,95.23,-250,818,13.86,-608,474,-40.34,-403,102,425.73,291.31287525197,345,Standing,3,100
-2910.7,-3910,-2568,2890.42,2388,3216,-24.04,-352,380,5913.32,4115.782481871033,185.18,-165,972,-174.46,-925,155,-46.06,-265,82,589.04,391.1177585632929,346,Standing,3,100
-2826.34,-3488,-1462,2892.22,2288,3640,-118.88,-1338,616,6050.28,4099.006518481537,926.77,-176,1964,-882.31,-1468,-3,147.92,-513,758,2057.78,1359.6897479564961,347,Standing,3,100
-2935.52,-3870,-2512,2949.36,2230,3586,1.84,-1100,448,6090.04,4177.527013703398,-92.93,-939,479,39.62,-1032,644,-40.16,-388,109,420.19,287.46732503970924,348,Standing,3,100
-2809.06,-2976,-2580,2988.0,2890,3168,-0.18,-128,138,5846.28,4102.112016393251,45.78,-78,132,3.4,-94,217,11.32,-26,71,101.8,71.17958394743555,349,Standing,3,100
-3027.72,-4924,-1876,3207.76,2114,6978,-212.5,-3578,1156,6722.54,4542.691632222149,-76.3,-1290,1910,227.51,-2957,1265,225.96,-1406,1507,1642.17,1080.7053556131393,350,Standing,3,100
-2350.74,-10806,2786,2978.8,-2008,13632,-448.2,-12720,2788,7751.14,5242.253784650216,-146.05,-9865,4678,76.19,-4983,15507,-44.08,-3198,4550,5139.34,3381.397426521486,351,Side-Step,2,100
-2085.84,-12850,1932,3161.14,-2408,10578,-727.86,-13052,2072,7015.84,4877.650243165945,-7.97,-4071,4202,-197.81,-3880,10553,-132.34,-3519,4271,4653.84,3033.155049095408,352,Side-Step,2,100
-2787.72,-11150,2136,3493.06,-1888,17502,-906.26,-8886,2632,8314.76,5746.074186238946,-66.34,-4555,4537,-116.07,-4620,9827,255.69,-2530,3151,4417.68,2921.8896499450907,353,Side-Step,2,100
-2355.8,-12204,1508,3067.56,-2426,28130,-597.36,-10302,3550,7609.6,5150.332284733859,-253.68,-4407,5143,122.97,-3438,16656,-148.11,-4871,9768,4769.72,3276.605917248809,354,Side-Step,2,100
-2314.3,-11248,1632,3530.06,-2478,16776,-811.76,-13474,4378,7780.360000000001,5470.021885582253,82.19,-4883,3809,-462.85,-7291,11678,157.73,-4177,9670,4911.49,3147.2022616308254,355,Side-Step,2,100
-2612.52,-12724,2358,2977.28,-2218,14906,-721.9,-15122,4682,8118.34,5375.498596972643,-119.35,-8808,4807,61.68,-4446,10887,278.69,-3684,5934,4805.76,3168.8548148309683,356,Side-Step,2,100
-1679.4,-10988,1202,3033.06,-2438,25794,-568.1,-6586,3602,6553.84,4582.282541778029,-173.54,-3860,3968,-207.58,-4931,3125,-405.03,-3557,10531,4774.75,3195.4523289955014,357,Side-Step,2,100
-2821.78,-10634,1178,3836.08,-1782,21028,-978.92,-17132,4284,8626.94,5870.036525843311,129.26,-5222,4307,49.58,-4236,12610,516.32,-3879,6446,4399.76,2939.903015562238,358,Side-Step,2,100
-2043.98,-9136,1206,3276.14,-1650,21946,-814.54,-8016,2608,7267.860000000001,5070.006003276895,-257.33,-5125,4827,76.76,-5144,6902,-171.73,-3547,9850,5568.96,3675.3636687295843,359,Side-Step,2,100
-2297.5,-13458,1710,3340.84,-2000,18770,-675.2,-9286,3846,7485.82,5243.300031025619,1.45,-4225,2943,-203.52,-4213,5143,-136.04,-5272,5002,4023.61,2689.848408974098,360,Side-Step,2,100
-2544.08,-13220,1862,3135.72,-2194,16542,-576.82,-10682,4744,7584.3,5245.62035676139,-186.49,-5482,3968,-186.56,-3900,8334,290.54,-3482,5897,4424.25,2891.068353731507,361,Side-Step,2,100
-1544.04,-9426,2610,3291.74,-1080,14582,-593.14,-12708,1984,6721.16,4726.572210882027,-272.95,-6943,7137,61.4,-6128,12595,-335.71,-3979,8555,6127.4800000000005,3921.0377707148164,362,Side-Step,2,100
-2710.88,-15904,3342,4015.82,-1388,19306,-839.6,-9678,3068,8665.42,6088.472248343928,49.35,-4830,6147,-126.73,-7614,7217,321.76,-4715,4240,4897.22,3150.789766728171,363,Side-Step,2,100
-2384.52,-15068,2028,2905.2,-2730,20008,-518.56,-17516,5506,7670.12,5225.0275219341165,-136.62,-7235,5937,-199.56,-6058,12174,188.75,-3250,7796,6421.25,4174.101774770196,364,Side-Step,2,100
-1713.96,-13048,1674,3235.38,-1658,20364,-573.26,-17408,4624,6812.8,4742.235523007853,-140.4,-3700,7303,-296.86,-6436,8953,-377.81,-4017,7148,5183.29,3360.276681971008,365,Side-Step,2,100
-2825.9,-11626,1238,4021.14,-1096,19922,-611.46,-12232,4464,8388.380000000001,5776.268785053082,-73.24,-5433,6223,32.38,-3789,7657,562.51,-2805,8104,4595.93,2938.6209359200298,366,Side-Step,2,100
-2297.16,-14436,2144,2967.44,-2420,14060,-413.72,-19606,3472,7546.76,5130.967937759545,-202.27,-4610,3356,-102.13,-4758,10171,-69.49,-4135,4966,5240.7300000000005,3340.4956183868308,367,Side-Step,2,100
-1953.16,-9548,1202,3544.12,-1726,15498,-699.64,-3472,1536,6848.8,4661.710687973474,1194.58,-3523,3839,-1184.75,-4314,5876,538.71,-4616,9734,4742.400000000001,3103.1223357718304,368,Side-Step,2,100
-3106.12,-4706,-1350,2793.96,1800,4980,-98.74,-3570,1146,6379.26,4285.7974531669915,507.17,-1669,2259,-1087.92,-4702,340,30.51,-687,948,2178.82,1541.1274306377998,369,Side-Step,2,100
-2709.92,-4662,-464,3075.62,1294,5102,-359.18,-3518,692,6289.52,4236.243769407275,443.81,-1274,1861,-484.86,-3088,642,-8.29,-620,599,1484.34,1027.4291874789799,370,Side-Step,2,100
-2898.2,-3072,-2758,2907.32,2760,3032,-76.04,-196,62,5886.76,4107.378766563214,-11.84,-256,192,43.29,-60,149,3.9,-76,86,170.61,117.69105589601135,371,Standing,3,100
-2869.96,-2998,-2752,2923.7,2818,3020,-223.32,-322,-110,6016.9800000000005,4103.720707471484,29.78,-34,140,19.5,-47,77,0.7,-30,26,79.56,57.792283038594945,372,Standing,3,100
-2866.56,-2974,-2778,2916.6,2820,3006,-326.26,-468,-186,6109.42,4103.103048259127,10.12,-39,74,26.82,-11,106,5.67,-35,33,64.31,44.53253860171048,373,Standing,3,100
-2837.78,-2930,-2738,2956.12,2864,3084,-309.52,-440,-170,6103.42,4110.088462872781,19.1,-43,95,-12.55,-71,42,-2.14,-41,27,59.69,40.252287520977816,374,Standing,3,100
-2893.18,-3300,-2686,2901.22,2604,3110,-146.76,-430,538,6029.24,4108.350582671779,-190.95,-534,26,140.29,-14,610,18.05,-58,224,377.95,260.7439490976992,375,Standing,3,100
-2791.62,-7334,1114,3033.92,-666,13538,-318.58,-14106,1872,6934.2,4657.412884819261,-108.86,-5793,3604,377.52,-4051,14960,142.45,-2066,4991,2662.79,1836.141387099786,376,Side-Step,2,100
-2181.76,-10700,2470,3310.02,-2472,14932,-764.74,-14904,2030,7377.6,5126.498914993794,41.39,-5164,4018,-293.74,-4446,16299,-177.74,-3970,5053,4440.53,2888.272766964896,377,Side-Step,2,100
-2577.08,-17712,2170,3387.8,-1272,19222,-697.98,-9960,4432,8195.02,5539.181087314061,-25.1,-5656,8112,-104.44,-7085,9178,278.19,-4191,11271,5417.99,3560.5219904326887,378,Side-Step,2,100
-2264.88,-12804,1870,3234.76,-2132,14894,-568.76,-12402,4090,7724.6,5189.286182591676,-167.14,-4633,3961,64.31,-4905,9865,-160.54,-4943,4960,4356.47,2938.3380329810384,379,Side-Step,2,100
-2361.0,-11318,2360,3240.46,-1616,22176,-597.88,-17444,5916,7507.46,5183.819338359447,115.08,-5682,3825,-156.96,-5729,17344,8.32,-4709,6069,4535.88,3023.6049078074934,380,Side-Step,2,100
-2625.64,-15650,2512,3339.36,-2130,17766,-667.88,-14348,3268,8258.960000000001,5529.889532861192,-223.7,-3910,3882,-117.53,-4202,9137,360.64,-5162,5506,4720.17,3072.1530824501533,381,Side-Step,2,100
-1750.06,-17180,4324,2995.72,-3634,17468,-779.48,-14214,4922,7210.38,4956.095089646976,-281.49,-5110,4373,247.83,-4575,10901,-340.57,-4557,5491,5553.61,3592.192310744898,382,Side-Step,2,100
-2895.88,-15646,1668,3675.66,-1688,15168,-696.32,-8056,3354,8295.42,5849.499740316009,-42.51,-6793,7240,-442.76,-6842,7491,162.24,-4516,5883,5547.89,3685.2873450509624,383,Side-Step,2,100
-2429.5384615384614,-14158,2330,3095.6923076923076,-2410,23314,-525.5384615384615,-13476,4550,8187.1648351648355,5505.790771780769,-74.41758241758242,-7677,4313,-174.54945054945054,-5468,15980,136.4945054945055,-3996,7250,6005.285714285715,3943.917833863025,384,Side-Step,2,91
-1681.04,-19914,3050,3310.38,-2494,22544,-800.1,-15908,3220,7281.360000000001,5079.506851887325,-356.98,-8294,4368,276.86,-7650,10513,-243.35,-4364,5408,5513.21,3656.254233775891,385,Side-Step,2,100
-2794.62,-15506,3036,3842.88,-2500,26306,-412.2,-18180,5220,8606.78,5987.408187150402,172.12,-4818,5777,-432.84,-6543,21154,216.7,-4218,7898,4820.9400000000005,3206.5767224781134,386,Side-Step,2,100
-2497.3,-17006,2576,2925.18,-2884,22774,-1024.56,-28672,6738,8621.12,5817.627354462467,73.96,-9674,6089,-17.15,-7644,19194,206.2,-6075,9700,5928.33,4053.500822809866,387,Side-Step,2,100
-1974.72,-14032,1652,3320.48,-3652,27720,-597.36,-18658,5880,7174.24,5006.47386719747,-95.39,-6353,6304,3.69,-7429,16684,-244.03,-5228,6933,5626.11,3649.198429237252,388,Side-Step,2,100
-2550.56,-15552,2304,3662.76,-2496,21930,-701.8,-8966,5464,8401.64,5791.320867156948,-216.2,-6590,3314,-103.7,-6110,9390,526.48,-2725,6635,4874.04,3143.041993544874,389,Side-Step,2,100
-1871.92,-16092,2912,3138.82,-2894,27658,-616.74,-10038,5662,7399.68,5060.270000175463,-44.15,-4107,4310,-7.05,-5854,9026,-298.85,-5886,14196,5662.35,3779.0026726453943,390,Side-Step,2,100
-2638.86,-17722,4180,3794.04,-2418,17046,-472.86,-13796,4574,8637.36,5950.041875134654,-99.59,-6700,3859,-331.95,-5694,13174,158.11,-3570,4887,5669.150000000001,3707.1217152621325,391,Side-Step,2,100
-2372.24,-15688,3100,2987.26,-4818,22520,-354.54,-17486,6872,8283.72,5577.153657787966,-197.02,-7380,5885,-59.98,-10281,15690,74.79,-4495,5857,7315.2300000000005,4793.780980488038,392,Side-Step,2,100
-1896.84,-15294,2694,3700.44,-4560,13200,-344.94,-10068,5702,7446.74,5217.203372874756,148.34,-4414,4782,-370.72,-7479,9169,-24.01,-5515,4273,5116.21,3341.144822732706,393,Side-Step,2,100
-2580.78,-10872,-268,3299.58,-1472,10452,-489.64,-10500,1744,6982.0,4591.427440877077,1170.75,-705,2550,-1469.93,-4934,5011,390.94,-2180,3201,3776.3,2548.0877389152006,394,Side-Step,2,100
-3025.8,-4640,-1964,2893.6,2046,4634,-51.36,-2500,1056,6579.88,4298.294466700196,705.03,-2580,2089,-656.77,-2028,563,-66.04,-737,525,1879.96,1294.8004701469429,395,Side-Step,2,100
-2869.4,-3728,-436,2793.62,1386,5776,-188.08,-2980,1798,6201.02,4135.052113346992,73.25,-1273,1667,-285.02,-2185,970,-43.01,-970,541,1102.14,752.8229381031356,396,Standing,3,100
-2974.92,-3286,-2702,2823.48,2568,3040,34.78,-182,212,5863.62,4104.1074621481375,-9.76,-334,162,34.66,-111,260,-5.37,-77,64,141.43,96.65948882537776,397,Standing,3,100
-2993.56,-3288,-2822,2793.82,2536,2932,-50.46,-404,146,5865.76,4097.33494745487,29.32,-127,178,7.28,-152,118,1.67,-89,89,134.49,90.60291856250305,398,Standing,3,100
-2936.44,-3172,-2818,2868.78,2644,2974,-19.82,-216,120,5856.32,4106.5906416312,-8.89,-83,118,14.28,-119,112,17.25,-31,70,95.84,62.334483249281604,399,Standing,3,100
-2935.7303370786517,-3088,-2776,2867.0561797752807,2716,3060,-29.775280898876403,-182,340,5861.23595505618,4105.049120220068,15.606741573033707,-157,131,-0.6404494382022472,-59,98,-26.382022471910112,-55,12,108.92134831460673,72.37607952288143,400,Standing,3,89
-2976.5,-3076,-2854,2822.62,2716,2906,-3.1,-116,92,5841.34,4102.685404170921,29.75,-28,108,-8.84,-62,34,-1.95,-28,42,64.98,45.107212565646876,401,Standing,3,100
-2997.94,-3512,-2686,2798.66,2358,3068,52.32,-338,458,5921.56,4110.8816850538105,-130.95,-663,74,127.48,-31,638,69.68,-118,388,352.37,223.8030967043303,402,Standing,3,100
-2912.98,-9302,2804,3060.84,-1054,17464,-490.9,-24260,2844,7590.4400000000005,5108.457210195681,-145.7,-11586,3993,355.22,-4718,18584,260.28,-2982,5414,3340.3,2331.032007493841,403,Side-Step,2,100
-1912.92,-19308,2102,3120.5,-2254,14904,-463.66,-10700,2694,6705.96,4732.967576786554,-148.79,-3870,4224,-481.58,-5470,10468,-426.22,-4025,3609,4418.45,2873.342989471076,404,Side-Step,2,100
-2636.7,-15518,1978,3766.02,-2510,16386,-634.56,-21804,4530,8251.76,5840.483783327483,-100.98,-4979,4266,105.54,-5943,11032,549.52,-4811,3983,4918.92,3164.686095194933,405,Side-Step,2,100
-2410.14,-19948,3144,3169.94,-1918,18108,-555.08,-11482,3828,7946.88,5363.9628272670125,-83.06,-5669,4113,4.93,-4465,8623,-193.9,-5960,4399,5430.25,3492.9406941246957,406,Side-Step,2,100
-2190.72,-9104,1510,3309.96,-1320,17338,-606.76,-18104,4398,7120.16,4917.112065341732,4.5,-4753,4141,-273.23,-6625,16590,24.49,-4132,6037,4666.92,2999.841719176136,407,Side-Step,2,100
-2549.3061224489797,-12046,1794,3694.9795918367345,-1020,19154,-731.5102040816327,-15108,3578,8598.367346938774,5741.969744098519,-244.10204081632654,-7324,3384,-46.173469387755105,-3901,16233,438.7755102040816,-2900,8281,5244.010204081632,3433.730423727044,408,Side-Step,2,98
-2210.76,-15298,2042,3138.34,-3592,14652,-742.46,-21364,3932,7669.24,5151.55518261971,-136.92,-7304,3294,89.4,-4529,14015,-79.27,-3181,6556,5398.49,3553.2681279349763,409,Side-Step,2,100
-2154.32,-20222,4200,3501.98,-2630,27376,-443.84,-9776,3470,7680.900000000001,5349.585793185285,-101.78,-7691,6419,-207.98,-7507,8109,-53.26,-5331,5011,5238.16,3411.0843016733234,410,Side-Step,2,100
-2423.82,-16874,3234,3634.96,-2542,16370,-575.94,-8924,4818,8583.960000000001,5837.00863652466,-353.2,-4976,3180,-165.75,-4005,11128,383.32,-3256,7355,5438.99,3491.248605434317,411,Side-Step,2,100
-1720.42,-14712,2610,3173.3,-2436,17374,-590.74,-14708,5314,7054.42,4861.893869960783,-150.3,-5510,3897,73.2,-5751,13658,-170.09,-4635,6258,5808.35,3801.0374550348574,412,Side-Step,2,100
-2612.34,-16860,2206,3579.24,-2002,17154,-375.04,-16448,5760,7990.34,5549.46810763035,196.86,-7071,5061,-493.12,-6676,14188,81.2,-4309,6105,4891.56,3239.10832891312,413,Side-Step,2,100
-2458.62,-12378,3082,3447.26,-1962,21766,-510.9,-19044,2962,8472.66,5737.156007587601,-16.69,-7789,6017,-72.58,-6446,20232,472.29,-3391,8621,5969.24,3877.0748429682576,414,Side-Step,2,100
-1555.24,-15352,2082,3364.64,-1568,17076,-596.26,-18946,5904,7363.46,5162.900254950856,-177.64,-5652,5621,-211.31,-5915,16593,-247.81,-3820,9682,5550.14,3624.7037069436074,415,Side-Step,2,100
-2910.44,-10886,2948,4068.32,-1042,22858,-765.32,-23924,4092,9297.04,6350.338597165122,-95.33,-8802,6406,88.17,-3994,19796,387.29,-2958,8479,5925.43,3884.9256124119925,416,Side-Step,2,100
-2241.8,-18194,4954,3160.22,-1878,21302,-614.04,-21256,3656,8303.380000000001,5628.200490137848,2.75,-4681,6655,22.9,-5944,19008,67.77,-2939,7862,6217.34,4102.113099472264,417,Side-Step,2,100
-1862.86,-13656,1616,3373.76,-1030,13756,-582.78,-4370,3002,6694.0,4727.720241430718,-352.58,-4129,3786,-133.64,-4712,6035,-374.49,-4278,3811,4545.31,2904.9788251196424,418,Side-Step,2,100
-2548.38,-14322,1798,3825.66,-1522,15546,-683.82,-15910,2916,8318.86,5860.1299701735725,-182.42,-4840,3712,136.6,-4420,7560,600.06,-4683,6357,4571.14,2992.6775597218384,419,Side-Step,2,100
-2363.12,-17192,4662,3085.4,-2408,23040,-286.0,-9040,2234,7173.88,4871.325992112392,-591.31,-5269,4593,757.48,-5186,8462,-748.17,-4210,5347,5545.0,3571.2191664842157,420,Side-Step,2,100
-2957.82,-6722,-1590,2932.42,1202,4298,26.62,-1348,1788,6427.58,4289.769138546799,-1206.89,-4410,1734,798.33,-1658,3438,-17.67,-1167,869,2723.4500000000003,1902.5469874229736,421,Side-Step,2,100
-2821.22,-4790,274,2988.6,1752,5300,-255.22,-3932,966,6174.12,4220.964408671823,43.29,-2532,2006,-178.61,-2309,3004,2.71,-1213,1187,938.89,614.6471785397622,422,Standing,3,100
-2847.62,-2962,-2674,2962.74,2810,3072,-103.28,-258,52,5914.96,4111.730879457661,-25.27,-204,58,30.45,-46,205,-3.43,-53,76,94.21000000000001,62.06405201832575,423,Standing,3,100
-2851.34,-2962,-2684,2949.72,2830,3050,-136.42,-234,2,5937.52,4105.6506285667965,2.82,-148,93,18.27,-76,140,-7.59,-41,33,96.08,63.5738964885505,424,Standing,3,100
-2890.02,-3036,-2714,2904.3,2792,3010,-127.08,-276,48,5922.36,4100.169823451755,23.36,-92,112,-11.1,-73,79,-1.41,-65,41,83.61,55.77914330773148,425,Standing,3,100
-2749.38,-4022,-1398,2785.74,1570,4222,-807.78,-3446,90,6347.9400000000005,4141.538221445896,161.23,-311,1137,538.09,-133,3590,13.24,-755,543,1048.02,741.13736028876,426,Standing,3,100
-2596.0,-13862,5388,3101.5,-1340,16664,-832.94,-18774,12196,8509.32,5690.297846344694,1.37,-2415,3905,-343.98,-4561,3794,-53.69,-1452,1392,3723.48,2581.0347232373574,427,Jogging,0,100
-3109.26,-11512,5598,3089.54,-934,15276,-568.52,-5676,10766,8923.72,5844.030975066236,-50.14,-4696,4997,-451.42,-6951,4480,184.27,-1732,3798,4669.53,3051.0931377042166,428,Jogging,0,100
-3042.86,-12602,4206,3591.18,-822,18762,-313.58,-6654,10252,9353.82,6199.715652073128,132.22,-5829,5554,351.25,-6025,4636,-286.62,-2377,3862,4844.29,3163.765340799803,429,Jogging,0,100
-2798.52,-10782,5604,3459.06,-1236,19216,-136.46,-11204,9884,9778.6,6508.277040883822,116.84,-6753,7146,-447.71,-4322,5509,346.12,-2864,4915,5083.37,3354.802489256207,430,Jogging,0,100
-2527.22,-12726,5564,3036.36,-1094,17798,-509.32,-8996,7978,8115.9400000000005,5326.124066578432,152.84,-3949,6059,50.54,-4635,3493,5.9,-2986,4017,4458.62,2886.6924641964365,431,Jogging,0,100
-2748.7,-11078,4000,3626.6,-1656,17152,-279.92,-10452,6876,8757.34,5856.598168741835,-225.09,-4395,5900,407.62,-5280,4651,-229.14,-2687,3692,4636.41,3085.4160945093104,432,Jogging,0,100
-3022.06,-11294,3548,3708.22,-1362,14026,-192.34,-10272,8184,9255.22,6050.032379463792,-517.15,-5560,6763,441.06,-4378,6314,187.95,-2385,3011,4668.54,3044.987173166744,433,Jogging,0,100
-2889.42,-14616,4484,3560.7,-1756,17510,-462.98,-6528,6342,9214.62,6053.698626689425,142.19,-4729,4737,440.69,-6294,4614,-320.18,-2951,4383,4629.400000000001,3004.566418064102,434,Jogging,0,100
-2212.7,-12666,4972,3059.54,-1426,18316,-197.76,-9540,9916,8747.12,5797.823131669845,53.13,-3858,6735,-48.07,-5209,4381,-8.31,-2936,4226,5007.61,3333.4812660159373,435,Jogging,0,100
-3019.26,-11906,5608,3841.24,-1384,17388,-38.66,-8180,10096,9875.08,6494.277244739155,-185.08,-4551,6706,-389.0,-5968,5363,364.71,-2718,4658,5163.09,3353.7847459427408,436,Jogging,0,100
-2637.9718309859154,-11324,4290,3754.0,-624,19588,-291.46478873239437,-18592,7728,9369.352112676057,6157.719342587695,25.056338028169016,-4456,5328,-43.028169014084504,-6165,4404,-30.408450704225352,-2874,4081,4914.971830985915,3193.6870590359895,437,Jogging,0,71
-2169.74,-12670,4994,3455.76,-912,17590,-7.96,-9758,9242,8984.26,5992.002166051393,-53.52,-5093,6321,-216.02,-4849,3451,134.75,-3095,3613,5034.33,3258.085711896545,438,Jogging,0,100
-2675.54,-11278,5370,3107.54,-870,16072,-357.82,-5172,8088,8161.5,5297.801892019646,8.75,-3955,5068,-171.78,-5587,4016,186.69,-2625,3983,4546.28,2916.6816072267475,439,Jogging,0,100
-2588.778947368421,-12518,5152,3675.5789473684213,-1310,20144,-339.2421052631579,-8836,4362,9178.715789473685,6044.259047889168,51.90526315789474,-2789,6547,393.85263157894735,-6218,4994,-239.34736842105264,-2935,3827,4601.1894736842105,3073.3890228358796,440,Jogging,0,95
-2987.75,-11950,4164,3691.3958333333335,-600,16914,-7.166666666666667,-16536,9350,9487.729166666666,6254.423068294437,16.447916666666668,-4881,5209,-392.1458333333333,-4331,3858,260.2395833333333,-2451,4038,4746.895833333333,3111.003389586143,441,Jogging,0,96
-2139.72,-10974,4766,3020.8,-816,15296,-268.62,-12732,8630,7895.900000000001,5242.454078153922,104.36,-3954,6198,-6.27,-4595,3747,-39.54,-2190,3782,4435.57,2944.590554659656,443,Jogging,0,100
-3052.02,-9592,2702,3746.2,-544,14590,-178.66,-6944,6610,9164.64,5946.155720599159,-259.69,-5341,6083,-66.27,-6708,4402,314.9,-2328,3868,4615.76,3054.493959848646,444,Jogging,0,100
-2288.7368421052633,-10572,2280,3698.8070175438597,-1112,15322,-23.43859649122807,-10384,9980,8882.0,5882.768432122417,-185.5438596491228,-5407,6279,884.578947368421,-5025,6945,-438.4561403508772,-2629,3613,4937.245614035088,3222.9007985715357,445,Jogging,0,57
-2165.98,-10440,3622,3414.88,-800,14444,65.88,-5134,9610,8221.18,5389.591079317679,-342.53,-5868,5704,135.03,-4052,4207,-22.22,-2305,3812,4541.64,2988.2017584983155,446,Jogging,0,100
-2692.1,-11916,4226,3203.48,-844,15664,-427.3,-5304,6662,8188.96,5281.2763170083235,-18.56,-4093,5508,-60.85,-5103,3595,84.27,-2745,3447,4264.42,2781.058283045588,447,Jogging,0,100
-2477.5,-11318,4602,3616.62,-830,15766,-144.9,-6052,5704,8727.460000000001,5707.379519048966,1.84,-4209,5237,116.12,-6233,4766,-256.87,-2542,3583,4373.35,2878.485732038272,448,Jogging,0,100
-3101.0625,-12170,4730,3778.75,-1026,17266,-60.5625,-7666,6946,9733.958333333332,6313.5998877633865,65.96875,-4148,6464,-400.6875,-6243,3874,329.8020833333333,-2810,3853,4827.75,3159.7003266671613,449,Jogging,0,96
-3009.2698412698414,-10774,2746,3787.4603174603176,-368,14680,-448.63492063492066,-10470,5128,9419.079365079364,6085.578545660053,253.74603174603175,-4358,6782,-92.58730158730158,-5380,3914,191.4126984126984,-2482,3613,4606.825396825397,3021.6515563530543,450,Jogging,0,63
-2191.0,-11110,1934,3098.66,-2086,12822,-131.12,-9890,8144,7802.74,5175.970170702537,-411.03,-5855,5837,622.9,-4528,7387,-28.89,-2966,3560,4688.900000000001,3112.4984495592007,451,Jogging,0,100
-2855.04,-10164,2806,3513.7,-942,14842,-451.7,-8138,7832,8630.16,5580.004451938261,-523.43,-5700,4145,269.51,-5846,3859,59.61,-2606,2588,4088.53,2676.2949752244667,452,Jogging,0,100
-2876.68,-11340,3530,3810.82,-1214,14306,-282.1,-10538,6310,8853.4,5736.807523415383,204.08,-4261,5636,321.43,-5617,3576,-369.16,-2604,2840,4520.05,2927.6553051858214,453,Jogging,0,100
-2182.0,-10446,4166,3005.714285714286,-612,14328,-377.6666666666667,-11986,7572,8101.47619047619,5343.250556825716,-47.25,-4332,5019,-42.86904761904762,-5482,4396,59.04761904761905,-2482,3160,4124.428571428572,2702.091914302795,454,Jogging,0,84
-2449.6363636363635,-11508,4642,3243.8863636363635,-1016,16568,-326.75,-7514,8186,8214.727272727272,5419.326751080357,232.14772727272728,-5178,6428,195.39772727272728,-5259,4285,-138.7840909090909,-2906,3228,4550.784090909091,2942.8002949260854,455,Jogging,0,88
-2590.86,-12254,4592,3516.48,-700,16872,-224.26,-8414,4338,8654.92,5704.198842605306,-17.49,-4230,6815,81.18,-4968,4580,-180.05,-2556,3476,4585.2,2978.086783925768,456,Jogging,0,100
-3098.9690721649486,-10712,3098,3756.1237113402062,-684,15294,-54.391752577319586,-7304,7234,9180.082474226803,5987.4090026885415,-68.4639175257732,-3785,4725,-415.2783505154639,-6548,4695,371.4845360824742,-2280,4164,4546.567010309278,2987.126576626597,457,Jogging,0,97
-2946.4,-10030,3260,3667.68,-568,16172,-305.5,-7048,6132,8796.460000000001,5763.572372242387,298.4,-4109,6407,318.93,-5846,5356,-271.39,-2841,3188,4264.8,2810.4122675650656,458,Jogging,0,100
-1864.1016949152543,-7846,3258,2579.084745762712,-654,15546,-97.83050847457628,-7432,6540,7224.610169491525,4689.178659948673,-211.83050847457628,-3634,6153,-314.0,-5976,2884,408.49152542372883,-1904,3573,4543.881355932203,2982.0761041270835,459,Jogging,0,59
-2931.24,-11094,3784,3622.84,-678,17876,-227.3,-6716,6734,8911.74,5763.445021296889,-142.93,-3678,5683,-273.04,-5477,4203,283.55,-2842,3843,4325.9800000000005,2795.862921068353,460,Jogging,0,100
-2819.16,-11752,3460,3784.56,-826,15996,-204.16,-7432,8050,8900.52,5807.126327929485,186.66,-4013,5799,340.65,-4380,4553,-357.38,-2936,3744,4579.31,2955.2978731763637,461,Jogging,0,100
-2534.76,-10492,4454,3519.72,-498,15060,70.62,-8468,9024,8625.26,5728.518775678912,18.4,-4280,4538,-344.0,-5314,4167,231.21,-2393,4036,4365.05,2841.576584980526,462,Jogging,0,100
-2566.58,-10722,2736,3080.14,-906,15660,-525.3,-15728,8816,7953.1,5226.442096318729,163.2,-3496,4851,17.88,-5784,4269,39.96,-2191,3858,4016.52,2616.3239013932257,463,Jogging,0,100
-2623.82,-11794,3734,3517.4,-816,14266,-188.12,-6394,7938,8295.380000000001,5489.168167376887,-86.35,-3766,4140,111.0,-6286,3232,-268.24,-2899,2818,4060.4500000000003,2647.035892649732,464,Jogging,0,100
-2836.46,-8166,274,3458.58,-236,14144,-127.66,-10366,7108,7633.58,5106.156668949197,-384.2,-3972,5496,768.98,-5397,4295,-174.31,-2703,2428,4277.2300000000005,2839.107923310689,465,Jogging,0,100
-2446.96,-5852,-948,3399.72,1918,8196,128.14,-2136,1924,6365.02,4290.299861116276,-582.3,-2919,1399,313.62,-1299,2193,-117.88,-627,259,1500.46,1024.8327184847542,466,Jogging,0,100
-2565.6382978723404,-3148,-2002,3221.531914893617,2918,3628,97.97872340425532,-278,234,5894.893617021276,4124.537951394398,17.54255319148936,-284,362,-33.48936170212766,-569,358,-34.297872340425535,-241,65,358.3085106382979,236.57588596261098,467,Standing,3,94
-2584.74,-2888,-2234,3196.6,2968,3386,-10.12,-174,120,5828.22,4112.285611831841,28.26,-63,164,14.93,-163,294,4.46,-86,90,94.25,63.247382713960086,468,Standing,3,100
-2558.14,-2686,-2414,3222.1,3118,3302,-40.68,-248,112,5837.8,4115.2034795548,8.04,-53,105,-1.57,-90,100,2.85,-27,29,65.46000000000001,43.97416124213357,469,Standing,3,100
-2602.56,-3030,-2324,3180.38,2522,3560,54.06,-380,550,5911.08,4117.424208671958,-380.39,-1403,41,458.19,-7,1373,86.27,-30,298,936.3100000000001,618.2869632892011,470,Standing,3,100
-2611.68,-6094,170,3134.92,1204,5404,-410.66,-3134,1438,6476.78,4361.381687317805,-386.05,-2751,2222,935.28,-2172,4494,-399.42,-2658,953,2646.93,1752.0841805410846,471,Walking,4,100
-2443.26,-4636,340,3183.26,876,10900,-10.38,-3450,2248,6210.9400000000005,4219.428659617914,191.38,-2241,2308,-96.27,-2998,3343,-26.86,-1412,1624,3050.23,1954.2517649841707,472,Walking,4,100
-2801.82,-11942,-402,3373.16,-984,12904,-202.1,-6224,3098,7124.2,4765.092322406505,186.83,-1864,2198,87.98,-2737,3973,-10.55,-1647,1167,2782.1,1767.1164877466317,473,Walking,4,100
-2940.02,-10656,-360,3236.92,-988,12932,-362.88,-6778,3312,7278.46,4844.149156053476,86.2,-2542,2077,-196.41,-3470,3418,62.5,-1402,1906,3015.33,1987.9929962772526,474,Walking,4,100
-2766.78,-10836,436,3097.18,-1332,17188,-292.46,-7060,4070,7047.22,4732.455325922046,-154.08,-4141,2254,-299.36,-3833,3283,27.12,-1813,1467,3038.8,1972.613680682831,475,Walking,4,100
-2603.52,-11740,-222,2949.46,-902,11350,-261.9,-7294,2690,6608.76,4385.19598340257,-60.59,-2472,2336,-300.45,-3998,4572,24.57,-1543,1400,3051.37,2023.639434962198,476,Walking,4,100
-2648.74,-11814,558,3132.1,-1332,12506,-321.66,-8168,2672,6811.1,4578.310177075593,23.88,-2395,2353,42.22,-3830,4417,-180.45,-1759,1680,3362.73,2182.7621797014885,477,Walking,4,100
-2764.94,-11454,110,3156.68,-2342,13914,-308.16,-8388,3366,7121.46,4768.373954437163,83.31,-3498,2500,39.41,-4800,5232,-144.45,-1893,1466,3388.01,2231.1745457310967,478,Walking,4,100
-2679.16,-10720,-298,3269.82,-2984,10742,-390.96,-6140,3914,7131.860000000001,4738.4020546212905,99.37,-3022,2274,127.58,-3194,2903,-166.0,-1868,1208,3027.4700000000003,1923.8329065862888,479,Walking,4,100
-2760.62,-9306,252,2911.42,-1844,6350,-428.06,-6398,2412,6749.18,4429.1574564898065,87.64,-2729,2361,-76.71,-4788,3720,-145.35,-1480,1262,3207.16,2060.7335901251336,481,Walking,4,100
-2830.958904109589,-5460,-1210,3742.5205479452056,-1160,19558,96.4931506849315,-11808,3762,7497.2054794520545,5124.08484921304,332.972602739726,-5131,2563,-389.75342465753425,-6524,3186,286.90410958904107,-1550,1189,3440.013698630137,2230.5526078147623,482,Walking,4,73
-2795.8840579710145,-4966,-666,3261.159420289855,2048,6382,12.144927536231885,-854,714,6319.68115942029,4387.398687696904,342.536231884058,-1922,2221,399.84057971014494,-4756,2942,-238.14492753623188,-1548,1115,3265.536231884058,2017.087159766718,483,Walking,4,69
-2863.0,-9298,612,3262.72,-2536,14030,-326.72,-7354,3390,7375.76,4886.600040119018,88.19,-4428,2412,-241.98,-4348,3989,51.2,-1744,1688,3459.57,2230.686944311965,484,Walking,4,100
-2721.2,-12300,568,3128.9,-1576,15778,-273.22,-7296,2994,7069.96,4726.269947800555,-76.81,-6312,2406,-322.8,-4695,4258,12.42,-1999,1541,3367.67,2209.1719360933666,485,Walking,4,100
-2689.82,-12956,-108,2968.84,-1306,12928,-237.08,-8232,3398,6693.06,4517.39699320057,-126.67,-3109,2182,-226.87,-3227,4910,59.57,-1665,1766,3164.27,2066.098077758348,486,Walking,4,100
-2636.96,-10284,158,3108.38,-1372,17760,-250.08,-9496,4380,6859.46,4606.638678394871,10.41,-3096,2104,-76.61,-3783,3629,-133.16,-1628,1429,3603.66,2286.424940404988,487,Walking,4,100
-2687.402298850575,-11162,1512,3136.4137931034484,-994,12552,-339.7701149425287,-7340,3452,7031.218390804597,4702.3208512342135,-131.75862068965517,-3345,2422,-281.14942528735634,-4707,4795,47.666666666666664,-1732,1580,3303.4942528735633,2153.4526575580444,488,Walking,4,87
-2728.2,-9448,122,3254.96,-1254,13254,-317.08,-7084,3826,7102.24,4778.57854782161,216.19,-2437,2642,2.03,-2889,4045,-146.31,-1745,1608,3196.01,2029.8512146309138,489,Walking,4,100
-2702.24,-12590,-64,3232.26,-1686,15984,-280.32,-8528,3300,7014.54,4737.780272194753,7.79,-4174,2319,195.7,-2737,4116,-176.64,-1963,1612,3390.31,2165.7044529924037,490,Walking,4,100
-2727.16,-12490,554,3086.66,-1248,6998,-299.08,-8474,2010,6676.02,4520.275255493349,66.9,-2402,2443,-65.48,-4028,4945,-200.13,-1903,1683,3442.57,2194.3254458713664,491,Walking,4,100
-2560.38,-7422,-48,3170.8,1060,11974,-131.7,-4710,2578,6360.12,4344.439012076898,22.86,-3462,2452,-93.75,-3264,2434,-76.15,-2082,1936,3278.58,2062.201655617946,492,Walking,4,100
-2711.1,-12718,-638,3319.68,-1126,16598,-4.6,-6486,3138,7019.82,4779.43528445532,620.07,-4905,2705,-240.75,-3420,3254,-25.76,-2079,1471,3140.52,2061.8374490045117,493,Walking,4,100
-2858.96,-15782,210,3425.64,-996,13822,-207.68,-9342,4088,7509.400000000001,4983.57956964985,584.18,-3050,3088,-735.18,-4790,4194,97.89,-1887,1950,3877.59,2570.32834274191,494,Walking,4,100
-2738.34,-14400,1262,3179.56,-1074,15490,-322.92,-8736,2930,6976.9800000000005,4652.693288536509,92.85,-2254,2329,-295.36,-4192,3911,138.98,-1672,1956,3087.65,2017.4790211568925,495,Walking,4,100
-2706.84,-11128,146,2953.56,-2188,15518,-318.08,-9800,3526,6910.72,4579.940574531871,-146.64,-3147,2214,-254.7,-3515,4816,69.81,-1594,1628,3173.25,2084.7602936749718,496,Walking,4,100
-2539.56,-10746,146,3087.56,-2498,15596,-419.7,-10296,4714,7037.1,4677.070500434522,41.84,-3051,2217,-187.84,-3509,4867,-41.04,-1956,2218,3521.06,2266.7426400492755,497,Walking,4,100
-2619.26,-9384,320,3183.24,-1428,13886,-416.76,-6886,3872,6980.54,4643.520937632715,29.05,-3734,2382,13.54,-5456,3582,-189.95,-1718,1396,3537.78,2285.5939252134585,498,Walking,4,100
-2817.74,-10384,302,3203.12,-2140,15028,-403.12,-10578,3652,7277.06,4881.596272313798,185.11,-3855,2256,12.75,-5662,4673,-162.71,-1773,1488,3554.4300000000003,2293.812292151209,499,Walking,4,100
-2569.68085106383,-11774,394,3198.531914893617,-1506,11566,-463.0,-6756,3318,6941.382978723404,4631.523404566446,95.14893617021276,-2575,2288,208.13829787234042,-3409,4828,-171.54255319148936,-1494,1267,3388.574468085106,2167.3461251552053,500,Walking,4,94
-2769.08,-11976,466,3092.1,-1962,9538,-400.6,-6758,2696,6829.22,4553.868877794361,22.24,-2185,2339,10.72,-6687,4715,-198.75,-1552,1156,3393.75,2201.1737846959677,501,Walking,4,100
-2448.925,-10888,84,3152.85,-206,16612,-287.5,-8362,2476,6548.125,4376.341573925468,27.35,-4410,3031,-39.175,-3983,3374,-159.8,-1723,1693,3822.925,2438.404187397004,502,Walking,4,80
-2593.96,-11050,-348,3275.88,-1444,14154,-16.4,-7778,3438,6754.84,4574.8032864273255,263.13,-7306,2934,-3.49,-5002,4111,-30.04,-1587,1512,3114.16,2047.3192738097068,503,Walking,4,100
-2834.1111111111113,-9116,108,2994.75,-1118,15148,-238.61111111111111,-6064,3062,7312.027777777777,4725.546235874345,53.875,-5518,3432,-1306.8472222222222,-4618,3312,390.4583333333333,-1239,1051,3332.708333333333,2293.922104389383,504,Walking,4,72
-2893.8494623655915,-7916,240,3155.2688172043013,-444,11208,-376.5806451612903,-7752,3520,7308.494623655914,4818.317019278211,256.0537634408602,-3124,2802,-801.6344086021505,-4640,4296,284.6989247311828,-1446,1716,3078.193548387097,2075.159761354321,505,Walking,4,93
-2692.38,-13244,674,2936.76,-636,13662,-313.56,-7006,3160,6750.7,4460.5196240289415,-103.26,-2476,2448,-216.29,-3735,4789,66.97,-1632,1634,3151.36,2049.529559365946,506,Walking,4,100
-2578.72,-10132,-20,3098.36,-1802,14720,-411.88,-9830,3884,6922.96,4617.913448724818,44.9,-3277,2818,-100.58,-4331,4717,-142.29,-1704,1915,3762.21,2435.4941871111855,507,Walking,4,100
-2743.58,-9974,318,3131.64,-1950,16194,-328.18,-7670,4102,7113.72,4772.442252875457,85.79,-6042,2239,-2.65,-4208,3769,-216.61,-1635,1656,3586.73,2330.030790308236,508,Walking,4,100
-2710.3,-10162,22,3271.6,-1542,15140,-406.56,-10124,3880,7238.22,4824.315477524458,241.15,-3329,2482,-47.03,-3538,3761,-120.44,-1597,1770,3403.92,2193.45926763131,509,Walking,4,100
-2722.98,-9952,718,3224.96,-1778,16884,-452.94,-9466,3954,7127.12,4780.6952291642065,46.61,-3352,2638,196.04,-3362,4730,-166.93,-1690,1986,3386.6,2190.1491313731162,510,Walking,4,100
-2726.74,-12274,246,2996.56,-1390,6394,-303.6,-7154,3892,6769.54,4478.639257268876,63.3,-2782,2423,-17.29,-4800,4715,-213.99,-1805,1343,3461.3,2243.2028522695564,511,Walking,4,100
-2670.48,-14160,-102,3320.88,158,18008,-221.8,-8314,2930,6835.16,4591.945224538326,81.61,-3292,2450,-142.98,-4168,2423,-21.31,-1743,1521,3379.06,2175.3015722493747,512,Walking,4,100
-2616.46,-12556,1604,3153.58,-3360,15352,-125.5,-9332,4348,6884.7,4680.453066955773,186.48,-2791,2175,190.24,-3932,6078,-110.95,-1979,2142,3509.37,2259.8742229963927,513,Walking,4,100
-2942.48,-11500,-168,3312.32,-2198,16294,-328.44,-10502,4040,7676.0,5109.989369284665,175.97,-3102,2333,-282.61,-4921,4488,35.44,-1600,1476,3519.32,2264.1186702880855,514,Walking,4,100
-2748.94,-13708,-104,3198.3,-1758,15428,-361.58,-9518,3838,7158.9800000000005,4774.049370089189,-51.57,-3183,2375,-190.28,-4010,5745,52.19,-1803,1846,3348.32,2165.5266489975406,515,Walking,4,100
-2753.04,-12478,52,2949.66,-2378,16722,-260.36,-8366,3698,6954.3,4618.323924910378,-134.63,-4212,2371,-283.86,-5242,5619,56.26,-1814,1682,3264.9900000000002,2147.155641815383,516,Walking,4,100
-2660.52,-13596,1012,3029.52,-2448,13212,-298.12,-9320,3118,6927.76,4608.456141051822,-50.15,-4798,2571,-169.81,-4383,5862,-32.22,-1834,1681,3630.82,2347.9107520403495,517,Walking,4,100
-2641.9,-12978,258,3123.04,-2372,17144,-302.6,-8584,4124,7070.62,4740.380555323367,16.62,-4998,2358,-18.36,-4733,5492,-172.99,-1835,1543,3663.9700000000003,2364.1032836481927,518,Walking,4,100
-2737.42,-12950,448,3201.96,-2858,14444,-231.66,-8040,3594,7278.360000000001,4843.342720436064,144.01,-3766,2590,-3.78,-4757,5387,-188.1,-1870,1483,3646.91,2354.9658700094333,519,Walking,4,100
-2737.48,-13934,914,3241.6,-1118,13866,-341.92,-9322,3784,7126.400000000001,4770.683557814051,227.97,-2900,2465,42.67,-3733,6013,-110.94,-1610,2240,3388.32,2164.8142236078925,520,Walking,4,100
-2719.18,-11722,480,3240.6,-1638,14378,-452.26,-8924,3870,6999.32,4707.06813646736,-15.82,-5986,2822,205.07,-3365,4474,-160.77,-1569,1595,3536.8,2225.4660664004755,521,Walking,4,100
-2726.84,-13444,32,2920.9,-2088,7754,-266.36,-8134,3666,6726.62,4450.964463809692,116.87,-2865,2361,-58.34,-4529,5598,-173.11,-1870,1432,3414.48,2199.943195680085,522,Walking,4,100
-2682.26,-8350,-370,3316.62,-570,13680,-181.94,-4920,3246,6888.1,4625.771465015785,46.42,-5947,2495,-128.78,-3979,2501,-30.71,-1511,1618,3332.37,2130.025242385719,523,Walking,4,100
-2664.8,-9478,512,3141.2,-1698,12948,-61.28,-7702,3808,6835.72,4609.176528279066,189.92,-4126,2604,41.88,-4777,3998,-119.31,-1675,1717,3223.39,2061.1993364801947,524,Walking,4,100
-2850.54,-11250,-214,3368.18,-868,12064,-311.08,-6480,2788,7299.84,4868.1055621911355,395.63,-4187,2586,-489.59,-4489,4079,24.1,-1632,1384,3288.46,2144.3111016475186,525,Walking,4,100
-2736.24,-7546,2686,3298.68,-192,9984,-336.02,-9646,3822,7364.9800000000005,4824.186526563713,417.41,-4207,2988,-651.58,-4501,5184,121.07,-1517,1741,3351.1,2243.380306182439,526,Walking,4,100
-2766.6,-10782,-748,2988.06,-2014,17216,-313.82,-11708,4424,7111.84,4650.6828330566905,82.28,-3606,2611,-393.41,-3585,3892,131.91,-1710,1550,3059.94,1999.28801497225,527,Walking,4,100
-2649.98,-10022,-570,3013.46,-1966,17248,-315.52,-12656,4310,7057.24,4648.791984492167,19.73,-3323,2517,-297.14,-5280,4570,15.67,-1504,1418,3366.7400000000002,2183.691471506176,528,Walking,4,100
-2575.24,-9366,16,3106.08,-2054,15580,-354.2,-8348,3674,6995.12,4667.172206767334,104.78,-3907,2395,-97.37,-4349,4778,-129.08,-1781,2024,3671.77,2363.100453087636,529,Walking,4,100
-2738.96,-10304,-26,3184.8,-1986,17616,-392.86,-13440,3976,7240.34,4814.351001478951,82.41,-4820,2521,41.33,-4866,4501,-208.23,-1574,1542,3577.21,2303.248731732583,530,Walking,4,100
-2759.3,-9362,224,3228.62,-2334,18088,-367.62,-10656,4612,7555.82,4999.475777533273,125.88,-4277,2665,9.51,-5572,4215,-166.41,-1588,1368,3685.9,2336.2185316780246,531,Walking,4,100
-2669.48,-7672,984,3239.16,-2998,15278,-299.64,-7200,4328,7421.96,4936.504152295866,86.74,-4428,3051,155.19,-3509,5046,-175.03,-1820,1533,3614.02,2333.5809918875834,532,Walking,4,100
-2657.84,-14232,860,3306.24,-2964,14752,-525.52,-8546,4808,7252.0,4881.707994604862,66.07,-3503,2434,65.93,-5337,5582,-147.13,-1912,1865,3796.4500000000003,2408.2899330629616,533,Walking,4,100
-2831.1666666666665,-10676,194,2973.0208333333335,-2644,6262,-316.8125,-7318,3454,6884.5,4553.215817915675,76.46875,-2578,2490,-192.25,-4212,4375,-71.11458333333333,-1634,1085,3413.9791666666665,2200.1189602321588,534,Walking,4,96
-2514.14,-7494,64,3200.02,-2108,15538,88.58,-9952,3842,6718.26,4562.7986800184035,109.76,-5270,2307,-0.05,-4307,2591,-92.61,-1596,1496,3144.82,2016.5080173936312,535,Walking,4,100
-2939.18,-10692,-1160,3310.68,-1248,16562,-287.76,-10128,3098,7271.900000000001,4863.776567588258,255.71,-7523,2893,-233.9,-3810,3449,91.95,-1546,1195,2884.1,1873.5527799175086,536,Walking,4,100
-2592.8387096774195,-5100,-880,3047.3763440860216,1536,6756,-151.5268817204301,-3036,1746,6358.021505376345,4165.148242381684,-402.63440860215053,-2477,1528,-131.3763440860215,-2043,1427,43.17204301075269,-854,766,1583.0967741935485,1048.689297821936,537,Walking,4,93
-2617.3,-3078,-2436,3186.08,2956,3344,178.8,-62,522,5984.06,4129.948632955052,28.34,-100,198,-30.96,-288,127,25.86,-62,290,165.22,110.5118061675232,538,Standing,3,100
-2571.74,-2672,-2464,3213.54,3102,3350,126.78,-26,290,5912.86,4118.630044647388,11.3,-83,75,12.5,-61,79,15.12,-10,42,69.06,46.06198367988323,539,Standing,3,100
-2516.42,-2596,-2424,3258.18,3172,3372,113.78,-12,258,5889.06,4119.0271036355825,37.83,-51,104,-24.83,-84,49,4.72,-19,36,86.54,58.06322944670738,540,Standing,3,100
-2530.46,-2636,-2310,3256.36,3176,3554,91.7,-36,202,5880.32,4125.868468996546,24.96,-48,74,5.21,-53,52,-7.06,-26,11,55.39,38.50389311306657,541,Standing,3,100
-2051.04,-7830,300,3702.78,-586,8122,-1216.26,-5512,2778,7144.84,4742.387822301232,117.48,-2299,1537,286.12,-3306,1526,-39.52,-1450,718,1815.58,1232.9912376233071,542,Side-Step,2,100
-1121.46,-14566,2798,3272.62,-1646,13970,-1388.98,-6558,4710,7999.900000000001,5342.567268869328,-23.19,-4836,5619,124.76,-7636,6548,256.16,-2307,3580,4681.31,3133.9270718610032,543,Side-Step,2,100
-1760.5,-18858,4406,3079.6,-4058,13446,-1036.92,-12262,8504,8389.94,5519.57424295131,-60.07,-6032,6423,298.82,-10986,10554,-273.54,-2904,3414,5749.57,4001.222518120631,544,Side-Step,2,100
-2623.76,-11544,1934,3555.4,-1472,16188,-1363.42,-13472,4698,8965.42,6025.813183387312,54.21,-6281,7739,12.94,-10084,7234,-40.19,-3743,4167,5883.02,4067.5339790882263,545,Side-Step,2,100
-1561.26,-11602,3766,3191.32,-1628,14088,-1160.7,-12752,4524,8363.12,5515.601340921501,-147.83,-6289,8372,-71.4,-8393,7059,3.98,-3894,2915,5244.53,3643.6452335119407,546,Side-Step,2,100
-2187.6,-11100,2442,3139.14,-2866,15662,-919.34,-13414,6364,8804.2,5810.808786346332,51.83,-5462,6409,-2.26,-10212,7621,242.18,-5050,3224,6112.89,4244.804930565768,547,Side-Step,2,100
-2097.855670103093,-13258,2476,3422.1237113402062,-1322,12830,-1147.5257731958764,-19748,5902,8940.61855670103,5930.9148842585955,106.8659793814433,-2918,7383,240.17525773195877,-11225,6661,-226.8041237113402,-3862,4266,5125.742268041237,3560.238877887186,548,Side-Step,2,97
-2288.36,-12576,2310,3271.54,-518,15106,-1366.76,-16800,6500,9129.14,6106.448987989903,92.87,-7656,7051,-563.76,-13613,6601,-62.77,-4257,3735,5958.82,4039.1740083560535,549,Side-Step,2,100
-1964.6373626373627,-12630,3302,3554.879120879121,-1430,16350,-1144.2417582417581,-13016,6384,8908.637362637362,5859.933872777021,-97.01098901098901,-8052,6419,595.4065934065934,-9235,8766,224.6813186813187,-3602,3429,5918.395604395605,4163.00387242216,550,Side-Step,2,91
-1922.94,-10604,2660,2768.74,-3028,15110,-959.96,-14024,4916,8057.92,5390.34554143891,96.25,-4988,8506,-81.44,-10168,10807,77.99,-4562,3518,6484.9400000000005,4535.0535692021795,551,Side-Step,2,100
-2494.42,-12240,3840,3816.56,-2358,15458,-1135.9,-15512,5338,9698.960000000001,6413.975446974529,-165.61,-9220,7533,145.03,-11020,7689,25.11,-4683,3873,6522.650000000001,4375.975960063566,552,Side-Step,2,100
-1951.52,-12794,2754,3283.78,-1184,21932,-1133.88,-15228,4250,8638.18,5749.582005035593,211.24,-7718,8646,-228.77,-8821,12199,128.57,-3126,5785,6684.860000000001,4581.370988228306,553,Side-Step,2,100
-1668.82,-11216,3768,3306.44,-2450,14838,-1147.98,-12940,6096,8442.28,5494.088161171098,-44.25,-5686,8732,185.28,-10497,7388,256.82,-4560,3027,5881.27,4066.5126991375705,554,Side-Step,2,100
-2446.641975308642,-11682,2472,3432.4444444444443,-586,15338,-1036.5432098765432,-15094,5552,9135.037037037036,6051.1713142564295,-78.93827160493827,-6236,8840,-237.0493827160494,-13404,5813,-131.2962962962963,-3863,4492,6267.259259259259,4357.013397323909,555,Side-Step,2,81
-2617.66,-13472,3420,3734.26,-3254,20608,-1283.72,-9768,4658,9563.44,6370.963891730514,-259.08,-7894,7622,-128.95,-8600,7168,1.43,-3403,4941,7027.22,4745.448366621097,556,Side-Step,2,100
-1257.92,-12594,3112,3239.76,-194,16298,-1216.32,-7848,3166,7615.8,5055.878616414968,194.92,-6612,4775,232.87,-7938,8774,142.28,-3088,4753,5496.97,3683.3885933631122,557,Side-Step,2,100
-2243.4315789473685,-12732,5572,2918.694736842105,-2438,22844,-992.2736842105263,-11864,2918,7797.010526315789,5184.238587246323,146.9157894736842,-11074,7052,24.08421052631579,-7661,13694,147.47368421052633,-4745,7040,6223.0842105263155,4240.379017900498,558,Side-Step,2,95
-3108.76,-12972,412,3397.12,-434,15306,-113.5,-7870,3888,8160.18,5313.582832513605,715.42,-9443,5322,-900.53,-3860,7345,-6.12,-3608,3490,4521.51,2991.083976601533,559,Side-Step,2,100
-3040.24,-4766,-884,2784.58,1552,3904,-310.48,-1890,1126,6554.06,4304.439256330839,1131.41,140,2761,-1107.26,-2887,1043,-54.55,-1017,1199,2672.2200000000003,1783.9941890032292,560,Side-Step,2,100
-2809.62,-3846,-1270,2925.22,1598,3990,-527.98,-1600,906,6358.9800000000005,4174.671140805588,99.65,-1016,2347,-210.25,-1834,1064,125.17,-565,1761,1462.55,990.3171355839779,561,Standing,3,100
-2861.84,-3072,-2508,2919.62,2698,3160,-240.8,-520,26,6022.82,4098.105177042883,43.09,-131,482,-23.84,-283,95,-7.71,-221,107,172.48,112.62419474355056,562,Standing,3,100
-2889.5,-2978,-2786,2892.46,2802,2998,-342.0,-486,-214,6123.96,4103.444288064985,30.77,-59,115,16.72,-42,96,-12.94,-49,16,84.15,57.663089511191195,563,Standing,3,100
-2387.98,-3110,-1080,3138.3,2474,4368,-830.72,-2012,-188,6357.0,4113.409477399011,-15.43,-785,1299,418.63,-119,2270,129.22,-246,789,817.54,558.074544613658,564,Standing,3,100
-1889.64,-8800,3546,3427.4,-1658,9666,-1643.1,-7388,2164,7966.54,5266.907177168266,-21.08,-2844,3765,46.9,-4171,6789,120.25,-2038,2830,3617.4900000000002,2495.786348183319,565,Side-Step,2,100
-1247.06,-14612,3804,3443.42,-796,19576,-1564.98,-8080,1002,8155.820000000001,5477.314210335399,117.04,-5294,4071,-77.15,-6056,7580,87.82,-2463,5960,4701.7300000000005,3331.4551761744556,566,Side-Step,2,100
-1900.86,-15076,2498,2892.5,-940,16446,-912.88,-8170,4268,7441.32,5002.954190044322,-120.93,-9658,4111,85.85,-4950,8278,43.48,-2831,7146,5373.54,3668.0612318912886,567,Side-Step,2,100
-2332.38,-12486,2098,3820.92,-1340,15982,-1699.5,-9612,2204,8971.44,5987.210970566915,103.26,-5124,3080,-266.9,-5789,6534,-40.65,-2897,6434,4930.49,3420.7356720666007,568,Side-Step,2,100
-1407.96,-16088,2928,3338.96,-1156,17008,-1644.5,-9680,2036,8081.9400000000005,5413.787147840392,-103.24,-3804,3952,346.75,-7102,7687,59.41,-3892,10008,5507.54,3733.417609879559,569,Side-Step,2,100
-1817.66,-19126,3764,2756.84,-1136,13046,-1199.06,-11800,1932,7391.12,4905.4038819703355,69.99,-3901,3899,-165.38,-6455,8474,21.29,-2668,4927,5257.46,3674.0182594538765,570,Side-Step,2,100
-2269.64,-12124,3772,3748.84,-1090,19826,-1726.82,-7516,1328,8848.34,5971.447283797225,-64.45,-4062,4448,-81.4,-8844,7074,37.75,-2399,7349,5191.54,3595.369382556241,571,Side-Step,2,100
-1181.16,-11466,4552,3210.16,-1428,21482,-1430.94,-8824,1018,7705.18,5224.83198451657,-48.31,-3694,4831,190.49,-5159,6260,163.14,-2880,5487,4932.96,3308.9309992086373,572,Side-Step,2,100
-1649.22,-16620,4214,3082.5,-1038,14462,-1278.98,-9258,1312,8015.1,5339.3697814387315,244.53,-3681,4905,-2.56,-6603,7027,50.41,-2435,5119,5311.2,3661.5079711866797,573,Side-Step,2,100
-2065.42,-16588,3534,3654.04,-1630,15008,-1687.14,-10404,1470,8877.0,5980.194599081168,-64.63,-5127,5615,-207.88,-6848,9101,-3.01,-2614,6461,5242.4800000000005,3623.011014392464,574,Side-Step,2,100
-1403.22,-17852,4034,3331.6,-1020,14726,-1473.4,-12438,1286,8560.7,5618.919807293918,-132.45,-6914,6595,175.39,-5847,11802,267.8,-2848,6781,6105.68,4163.498024690998,575,Side-Step,2,100
-2190.84,-14334,2538,3248.62,-1312,12042,-1318.96,-8050,1524,7881.22,5207.87418074705,-14.47,-8747,3489,159.37,-5000,10985,-119.55,-3005,6714,4776.25,3385.6775768298194,576,Side-Step,2,100
-1984.62,-21892,3894,3291.62,-1786,16040,-1669.82,-15090,3484,8923.9,6037.224536180285,-35.63,-4863,5103,-224.35,-5900,8425,8.84,-2276,4398,4930.74,3362.414776233185,577,Side-Step,2,100
-1817.08,-13586,4154,3067.86,-1192,14406,-1202.26,-9022,1834,7975.12,5384.111298387669,-10.87,-6249,4580,173.38,-6128,9077,208.83,-2923,4871,5654.08,3970.635593764533,578,Side-Step,2,100
-2219.6,-15284,4500,3395.46,-862,13346,-1643.84,-8572,1354,8541.22,5611.16956209453,108.92,-3992,4951,-120.6,-6426,7927,-118.38,-2739,3863,4758.8,3236.015144556959,579,Side-Step,2,100
-1650.6,-16338,3054,3223.26,-1374,13594,-1587.82,-11334,2280,8286.72,5509.760166311958,-29.86,-4756,4365,180.3,-4651,6944,93.77,-2523,3603,4616.91,3140.5834052274454,580,Side-Step,2,100
-1652.88,-12982,4858,2910.9,-736,19776,-1156.08,-9070,1590,7358.26,4831.679420853423,-55.82,-5387,5213,-117.44,-6619,8017,65.97,-2574,5981,5376.21,3733.5629727207047,581,Side-Step,2,100
-2909.58,-18294,3662,3280.16,-1940,16724,-1084.44,-10830,2848,8327.02,5391.935418529062,323.29,-3911,5846,-270.47,-5332,7905,-65.38,-2290,3844,4424.8,2959.8268967906183,582,Side-Step,2,100
-3112.26,-6036,18,2853.86,114,6690,104.6,-5718,2576,6741.28,4549.986134585848,-1265.04,-5734,1677,608.09,-2563,2670,-193.51,-1698,2332,3134.7000000000003,2084.958880494662,583,Side-Step,2,100
-2940.12,-4128,-98,2861.58,1770,5084,137.0,-952,1158,6104.06,4211.764700292161,-225.44,-2586,641,259.39,-567,2100,41.97,-547,916,904.64,612.1614546694357,584,Side-Step,2,100
-2997.0843373493976,-3140,-2836,2782.0722891566265,2642,2922,-139.3975903614458,-356,30,5919.2771084337355,4093.159336210636,20.012048192771083,-143,210,1.855421686746988,-144,151,-5.108433734939759,-63,51,136.51807228915663,93.06329152526244,585,Standing,3,83
-2996.6666666666665,-3118,-2894,2788.567901234568,2672,2892,-156.98765432098764,-298,12,5942.518518518518,4097.448767299207,8.024691358024691,-88,99,29.938271604938272,-78,97,4.320987654320987,-31,58,86.55555555555556,59.699234168974314,586,Standing,3,81
-2994.94,-3096,-2892,2791.64,2708,2900,-169.56,-270,-64,5956.14,4098.332068651206,9.17,-62,69,7.49,-47,82,1.8,-33,33,56.88,37.95472915702544,587,Standing,3,100
-2957.7,-3060,-2844,2826.88,2742,2938,-174.3,-318,-80,5958.88,4095.750734829624,-10.06,-89,87,-10.86,-58,45,12.01,-20,83,67.19,45.48296441700374,588,Standing,3,100
-3431.12,-6832,-2162,2772.4,1616,4714,-254.46,-3324,704,6679.860000000001,4520.152868298112,140.62,-579,3820,-294.86,-1249,3570,85.38,-2041,697,1123.5,764.5407718453405,589,Running,1,100
-2691.32,-17882,7658,2857.88,-2540,15004,-484.58,-12930,8766,10904.18,7229.554040411678,214.94,-4966,6071,722.11,-9630,7656,-270.51,-4477,2529,7149.18,5019.096053306544,590,Running,1,100
-3856.68,-30020,11354,3494.56,-5356,21896,51.76,-22648,12196,13952.56,9289.119642767704,-33.83,-12281,7627,-652.61,-14813,10707,291.65,-7617,6415,8370.79,5648.1613553185125,591,Running,1,100
-3700.34375,-25042,11780,3311.5625,-2632,21118,-219.03125,-20544,7916,15206.875,10252.494338145569,773.3125,-6986,7011,2115.453125,-8287,10135,-1675.25,-8864,3141,8669.109375,5967.071229922189,592,Running,1,64
-3400.2,-29236,9622,3841.42,-2694,24242,-71.38,-23750,10054,13970.960000000001,9251.74323991844,34.16,-9871,5938,-531.5,-13026,7634,378.94,-7413,7374,8005.62,5342.045040974055,593,Running,1,100
-2667.44,-27370,10418,3742.2,-2902,27008,209.48,-24410,8342,14377.4,9603.099887706223,326.08,-6709,5626,233.46,-15113,9975,-455.99,-7838,9226,8177.41,5541.638741609147,594,Running,1,100
-3733.62,-23130,8006,4328.61,-4104,32767,-276.44,-28606,8964,14331.59,9327.67906069699,-145.64,-9015,5493,-540.58,-9413,11031,480.71,-6115,7179,7668.29,5083.787730628993,595,Running,1,100
-2954.24,-20668,8878,3829.08,-3718,29984,-412.0,-32768,12284,11708.0,7721.330243493302,517.18,-9252,4823,286.12,-6698,7920,-827.24,-7941,5694,5999.3,4007.395642221957,596,Running,1,100
-2982.964705882353,-22514,8878,4116.211764705882,-3846,28496,232.4,-8336,12028,13799.24705882353,9251.8253240957,541.7764705882353,-6016,5394,-1216.5529411764705,-11675,7236,517.5176470588235,-6229,7991,7415.894117647059,5013.30185395168,597,Running,1,85
-3490.6,-22334,9824,3953.52,-2300,22128,-389.92,-7082,7350,11786.68,7934.394325119704,782.71,-3278,6491,162.5,-8563,8227,-344.52,-6044,6308,6704.85,4443.650368303047,598,Running,1,100
-1838.46,-21836,11722,3551.96,-5150,21840,779.72,-18088,10514,12544.62,8473.409726013095,-130.0,-8037,5204,-213.69,-7743,7399,55.91,-6561,6320,6908.46,4742.532608794503,599,Running,1,100
-3029.8,-15872,7934,3406.9,-3006,24780,-510.96,-9862,8506,10329.74,6881.337893819313,317.59,-3604,5549,-330.95,-8645,3857,-41.66,-8538,8178,5663.34,3757.642548019131,600,Running,1,100
-2883.8,-22378,8256,3619.16,-2090,22798,20.66,-9034,9242,11648.94,8002.472395211821,671.65,-3032,5691,-553.35,-7896,8314,-263.77,-6275,6003,6515.83,4514.0531013207155,601,Running,1,100
-3461.6,-32298,9474,3836.44,-2692,24360,154.2,-8286,7516,12346.56,8327.348456598766,117.09,-3496,5962,-363.38,-9073,9854,600.85,-6322,7182,7155.860000000001,4891.703373415325,602,Running,1,100
-2502.52,-25184,12076,3818.3,-4422,29622,252.98,-32768,10346,13720.16,9236.19731608283,361.4,-5228,6194,210.17,-8962,8638,-338.81,-6845,7273,7529.88,5191.429972067785,603,Running,1,100
-3388.26,-24162,9840,4320.02,-5274,29260,310.98,-20372,8858,15065.78,9939.030701553136,-84.23,-7125,7837,-462.36,-11072,14532,519.18,-6993,9117,8071.29,5478.542073768442,604,Running,1,100
-2867.0,-21722,9974,4216.6,-4318,31558,-68.78,-30998,10028,12920.7,8523.551601366275,456.41,-9013,6239,570.45,-8702,13779,-557.73,-6521,8053,6863.17,4570.229099131105,605,Running,1,100
-2566.2,-18328,8876,3960.4,-4972,24228,461.06,-15162,11116,13575.74,8998.366238389766,-91.04,-12008,7888,-719.29,-9069,11767,431.21,-5837,8622,7570.4400000000005,5030.4705977626345,606,Running,1,100
-2758.488888888889,-16814,9790,3150.0666666666666,-4108,26918,-781.0666666666667,-8786,6664,10225.844444444445,6674.9444295766425,156.03333333333333,-5358,3744,500.3,-6779,5936,-235.16666666666666,-5769,7240,5780.033333333334,3784.8847474906884,607,Running,1,90
-2298.94,-16394,8668,3443.62,-2028,25644,-75.08,-32768,12954,10441.6,7029.761824795736,317.07,-4075,4633,-667.96,-5739,4583,-210.65,-4564,4625,5175.74,3480.426589635464,608,Running,1,100
-3412.6451612903224,-20910,8690,3459.0967741935483,-2496,21200,-373.5268817204301,-5370,6890,11000.365591397851,7455.161855167287,575.1935483870968,-4328,4939,-458.89247311827955,-8430,7462,214.7741935483871,-5183,5668,6214.279569892474,4175.181282856653,609,Running,1,93
-2460.98,-23820,10660,3753.52,-4234,26944,224.2,-5630,7750,12373.26,8392.985815736589,337.55,-5560,4430,207.2,-7117,7443,-282.15,-5772,6921,6624.6,4463.18817196943,610,Running,1,100
-3569.56,-17864,10872,4312.8,-4312,26268,-91.08,-23198,8890,13524.4,8975.90925949416,-101.3,-7020,5704,-422.38,-8467,8324,513.4,-5858,8189,6934.68,4551.835610982833,611,Running,1,100
-2979.58,-15800,8146,3990.56,-3556,27494,-409.86,-24684,12480,11399.28,7479.941208917339,589.09,-4271,6889,237.97,-7963,6339,-633.34,-5754,5115,5870.66,3868.084650938333,612,Running,1,100
-2222.8,-11994,3426,2789.64,-1286,12924,-333.78,-22552,7734,7541.18,5145.903096402231,244.05,-6430,3796,-586.99,-5161,6837,233.93,-3468,3245,4173.45,2803.6759567590116,613,Running,1,100
-2523.9466666666667,-5834,-416,3623.9733333333334,2096,11796,109.84,-2628,2248,6764.8533333333335,4591.980074325812,571.7466666666667,-6906,2249,-852.4266666666666,-3674,3110,209.53333333333333,-603,1046,2557.8933333333334,1800.786052599942,614,Standing,3,75
-2331.02,-3748,-890,3411.56,2476,5166,28.4,-1936,814,5974.46,4179.277424462598,-52.14,-974,292,-3.57,-2753,1761,-0.01,-473,377,408.76,287.5216838712732,615,Standing,3,100
-2284.86,-2428,-2080,3429.26,3262,3582,37.6,-164,234,5787.08,4122.785465456721,-0.33,-126,91,26.73,-150,202,14.12,-23,124,130.36,92.1385429636835,616,Standing,3,100
-2222.16,-2424,-2040,3483.34,3378,3626,173.68,34,316,5879.18,4136.546054724144,-14.85,-100,76,2.19,-104,67,16.8,-28,120,83.22,55.343779112120544,617,Standing,3,100
-2177.82,-2290,-2046,3506.52,3422,3602,131.58,-2,278,5815.96,4130.618699391488,34.29,-9,87,5.76,-64,62,3.66,-25,38,68.17,46.93226886498703,618,Standing,3,100
-2227.84,-3732,-1510,3384.52,2762,3708,151.66,-840,914,5829.58,4076.73588071311,-166.42,-1117,173,-108.95,-1654,741,61.45,-85,457,500.02000000000004,338.39664965060746,619,Running,1,100
-3028.58,-12520,6138,3331.64,-1758,13860,-277.9,-3748,6486,8907.48,5899.064070335076,226.63,-5407,3413,238.29,-8267,6222,19.26,-3919,4235,5149.6,3514.900421066322,620,Running,1,100
-2407.9,-20888,9456,3701.92,-3264,19746,33.18,-20804,7842,11927.92,7996.485438941802,228.83,-3866,6303,-129.11,-7854,6271,-391.61,-7663,6968,7234.610000000001,4958.994529859838,621,Running,1,100
-3187.956989247312,-18402,8552,4264.086021505376,-4550,24790,106.19354838709677,-32768,11844,12558.62365591398,8511.82486659675,-376.2258064516129,-7084,5035,-386.59139784946234,-8271,4302,993.4086021505376,-5732,7892,6001.559139784947,4000.058177686035,622,Running,1,93
-2954.76,-18724,9986,4078.36,-6804,25558,-124.2,-32768,18174,12424.92,8336.608252160764,474.89,-6267,4941,467.92,-7210,6329,-688.02,-7185,8196,6379.59,4268.308315118208,623,Running,1,100
-2391.96,-17574,11024,3978.94,-5266,26956,636.08,-32680,18788,14226.58,9614.245246221646,-135.67,-5925,6868,-694.76,-7634,7857,489.1,-7024,8967,7130.27,4826.402389124143,624,Running,1,100
-2957.94,-18736,8518,3653.02,-3934,22832,-571.7,-32768,14656,11560.62,7772.1567920162925,414.11,-4911,6701,240.53,-7438,11265,-345.67,-6561,7718,6248.45,4137.681202030946,625,Running,1,100
-2346.64,-21768,10474,3528.86,-4540,28516,66.08,-32768,14126,12841.460000000001,8634.733938068057,41.19,-4522,6957,-34.55,-8611,8828,12.06,-7029,7361,6326.3,4306.7089515558855,626,Running,1,100
-2518.3380281690143,-17226,7964,3663.887323943662,-2104,16266,490.2535211267606,-7858,13612,11255.802816901409,7621.4100426188015,-616.5492957746479,-4218,3858,-1015.9014084507043,-6708,6414,1254.7042253521126,-2551,8131,6341.943661971831,4205.874636362129,627,Running,1,71
-2536.44,-14076,6108,3525.86,-1638,20422,-219.82,-4596,7512,9180.36,6208.268654056197,577.25,-7847,4555,-467.15,-4592,2811,-530.79,-6425,3215,4950.97,3258.45339297287,628,Running,1,100
-3603.8,-21038,10060,3756.64,-3956,21588,76.48,-7778,5718,11887.52,8124.119072713265,419.83,-4822,7377,-804.85,-7720,9479,530.52,-6250,6063,7241.2,4822.5523521903515,629,Running,1,100
-2654.04,-30974,11128,4196.26,-4516,23258,349.04,-11960,11800,12784.14,8587.844851317263,465.66,-5599,7564,641.98,-8515,6637,-351.7,-5577,8751,7249.9800000000005,4847.163722923604,630,Running,1,100
-3129.3548387096776,-21072,10042,3553.8924731182797,-4710,22018,38.81720430107527,-12950,12962,13498.193548387098,9024.643759806748,6.516129032258065,-5701,6402,-516.0752688172043,-7641,6783,397.1182795698925,-6896,7266,7318.268817204302,4844.862312644614,631,Running,1,93
-2573.98,-14424,4502,3664.88,-908,23964,-581.04,-7530,5612,8956.460000000001,6076.139714198654,695.48,-5419,4988,-334.67,-4754,4168,-713.87,-7542,4892,5110.02,3327.3166086028605,632,Running,1,100
-2516.4,-27206,8632,3417.68,-2358,15026,261.32,-8518,9086,10575.12,7186.044594409178,582.78,-3388,5756,-695.65,-7531,8811,100.2,-4748,3168,6096.1900000000005,4234.860911301856,633,Running,1,100
-3416.5,-27672,8034,3612.58,-3640,19268,-214.92,-32768,9712,11902.48,8038.3776525813955,225.08,-4396,5468,162.73,-7908,6655,498.5,-5031,8154,7319.63,4856.090608806602,634,Running,1,100
-2676.26,-27114,12380,3893.66,-4686,26868,316.22,-29768,11866,14331.74,9726.982073995432,234.72,-6177,8443,-7.28,-9238,9231,-304.43,-6226,8489,7530.63,5131.1347633719515,635,Running,1,100
-3254.32,-21594,11528,4104.66,-4472,24230,184.28,-32768,15614,14301.220000000001,9499.55120711268,-28.23,-10692,9213,-409.51,-9364,15669,597.72,-5204,8880,8388.98,5577.510943656069,636,Running,1,100
-2877.02,-26988,11644,4114.98,-4288,29724,-61.3,-32768,10244,12649.5,8443.400121276207,425.77,-5047,6093,649.42,-9261,6862,-566.66,-6724,7164,7152.150000000001,4726.876866758893,637,Running,1,100
-2751.5,-23610,10768,4127.9,-5348,28484,395.1,-24942,14786,13996.7,9506.024855599224,-21.17,-7647,13110,-899.09,-9272,7038,600.07,-6137,8358,7502.47,5033.844537806819,638,Running,1,100
-3155.08,-17838,9528,4030.14,-4256,23526,-265.96,-15972,11816,12600.78,8196.000519536665,590.3,-6910,9922,370.68,-8916,15815,-424.3,-5488,8413,6908.34,4511.030195043654,639,Running,1,100
-2040.92,-13214,6784,3501.2,-3742,24908,-12.06,-32768,13948,11111.42,7384.934689611935,-94.13,-7481,7909,-259.32,-7506,10499,-160.91,-6108,6927,5885.34,4012.3945937425033,640,Running,1,100
-3082.64,-14446,4836,3242.78,-1018,11884,-396.66,-5536,5192,8796.6,5999.378931498649,853.86,-2708,5056,-946.64,-6814,5349,99.48,-5202,4159,5378.16,3515.1178308517333,641,Running,1,100
-2849.76,-26062,9504,3517.58,-4238,22016,132.32,-25340,8530,12712.300000000001,8577.985494387587,354.22,-4319,5081,-0.31,-8570,8240,-29.18,-6498,5350,7388.05,5122.522099721613,642,Running,1,100
-3120.02,-23838,11068,4052.54,-5954,27524,196.26,-19854,10868,13141.26,8699.443065361227,-63.82,-10389,8560,-230.8,-10892,12885,432.71,-5471,8475,7551.7300000000005,4962.786861495848,643,Running,1,100
-2828.62,-18486,9060,4214.1,-4284,29066,22.48,-25206,11402,13083.68,8665.706699992454,317.47,-6962,8690,327.65,-7795,9265,-578.61,-8429,7166,7010.7300000000005,4718.95173869295,644,Running,1,100
-2882.14,-20366,8176,3401.68,-2574,26426,-264.36,-23922,16746,9943.74,6612.889981948018,153.85,-6963,5006,-281.48,-8546,5313,56.34,-7592,4384,4804.85,3187.2412509998912,645,Running,1,100
-2749.5,-6364,812,3059.62,-382,10032,-159.42,-3506,2878,6806.5,4570.5577411586155,-1099.55,-3717,2498,939.23,-2922,4422,-128.85,-2908,2768,4298.7300000000005,2851.6756068259524,646,Running,1,100
-2195.08,-3134,-420,3546.14,2340,4844,200.28,-2030,2092,6401.14,4309.19168943156,-820.49,-3550,1078,1235.86,-1830,4073,-40.05,-878,798,2871.6,2001.7996940320395,647,Running,1,100
-2361.132075471698,-3178,-1646,3441.0943396226417,2558,4102,305.62264150943395,-352,1056,6184.754716981131,4235.8612336431515,-199.64150943396226,-777,216,31.77358490566038,-556,1062,-61.15094339622642,-487,271,686.7547169811321,453.9793476824767,648,Standing,3,53
-2327.16,-2598,-2040,3393.16,3232,3614,169.28,16,342,5889.6,4119.769107713003,42.73,-47,221,-17.81,-228,87,0.22,-102,97,126.62,88.09178089247077,649,Standing,3,100
-2319.78,-2460,-2224,3409.08,3266,3480,199.76,44,352,5928.62,4129.118347725027,11.22,-91,119,6.64,-108,193,1.53,-34,36,85.77,60.4206905931429,650,Standing,3,100
-2315.72,-2556,-2168,3410.6,3224,3544,121.64,-88,336,5852.12,4125.289522734328,21.37,-82,99,12.23,-115,194,0.21,-44,74,101.29,68.57115928503393,651,Standing,3,100
-2322.04,-2486,-2082,3411.6,3200,3676,119.22,-94,340,5860.22,4130.306796558043,-7.96,-247,251,9.12,-321,276,-2.14,-61,121,178.36,122.63317310240767,652,Standing,3,100
-2344.04,-4750,58,3006.76,882,5074,-717.68,-4242,640,6244.28,4164.941311622493,163.53,-1331,1668,660.51,-350,4204,-115.0,-1427,504,1492.1200000000001,1017.7583346466497,653,Running,1,100
-3453.66,-17556,7034,3552.18,-2950,20792,-362.0,-11236,8456,11581.24,7745.823792181463,-140.22,-4431,6061,-866.6,-9533,6724,274.11,-7008,4920,7155.67,4878.837710556207,654,Running,1,100
-2370.72,-26488,10738,3576.44,-3748,20304,75.94,-6918,8550,12059.5,8189.684966944761,280.06,-6965,8175,195.76,-10177,7989,-447.79,-7855,8300,7597.45,4996.82840604833,655,Running,1,100
-3607.36,-20402,6758,4065.36,-3240,22742,-381.56,-28162,9272,13283.44,8644.516741897529,211.79,-9669,7550,-462.26,-9923,6726,645.29,-7717,9107,7274.74,4738.361323203508,656,Running,1,100
-2714.66,-13178,4220,3448.12,-1182,17340,-529.72,-19008,6654,9009.460000000001,6014.541782494158,91.91,-5136,5207,1209.85,-3753,5104,-543.43,-6182,5262,5289.49,3450.4689502253063,657,Running,1,100
-3145.96,-22318,6626,3979.84,-2028,16382,-51.98,-9500,6732,11260.22,7728.875671993934,-390.36,-7528,6672,-120.81,-7430,5570,225.06,-5735,6038,7319.27,4815.242809616485,658,Running,1,100
-2224.46,-22600,9992,3789.16,-4796,24646,251.96,-30010,10778,13791.18,9308.051530990524,371.01,-5259,6258,67.1,-9038,7575,-375.8,-7711,10155,8011.75,5484.028497102073,659,Running,1,100
-3288.94,-19130,9326,4534.11,-5626,32767,201.22,-32768,18420,14536.79,9824.255236148718,-53.98,-6071,6974,-349.48,-7932,7101,471.8,-8567,9804,7601.74,5165.537345716075,660,Running,1,100
-2398.56,-22438,10160,4135.47,-3492,32767,282.54,-32768,18848,13452.89,9130.786350353308,349.13,-4147,5258,213.62,-6925,7431,-620.89,-8194,8248,7155.88,4823.835710625662,661,Running,1,100
-3302.26,-18144,9570,4546.28,-6700,28580,-8.86,-30484,14004,15276.32,10121.241923163338,-67.64,-5953,6733,-493.92,-8077,9793,715.81,-7232,9567,7709.67,5205.3460158973785,662,Running,1,100
-3010.48,-20304,9100,4091.84,-5006,27612,-21.38,-32768,19790,12692.58,8585.50324672058,537.73,-4605,5334,525.98,-7314,9995,-650.59,-8283,8302,6666.3,4530.246856833619,663,Running,1,100
-2706.52,-18120,8124,3717.6,-3926,22922,-173.4,-28378,16566,12955.28,8869.578272309198,-137.07,-6045,7285,-303.92,-7274,8921,543.38,-7694,7487,6661.7300000000005,4396.243535963334,664,Running,1,100
-2806.66,-16934,8502,3658.1,-2042,18146,-318.44,-12870,8006,9587.28,6475.038080403344,-74.92,-5281,6009,1405.78,-3731,6889,-706.69,-6860,4751,6052.49,4012.7788050294957,665,Running,1,100
-3330.66,-24826,9792,3990.5,-5566,26890,-79.84,-32768,11574,13094.0,8985.538135984503,-411.99,-7585,6068,-769.1,-10580,7066,444.53,-7474,7600,7560.34,5109.7943494259935,666,Running,1,100
-2902.8,-19914,11000,3900.58,-4756,25612,-169.2,-28248,10052,12766.78,8392.023008140448,610.15,-6784,8722,440.62,-9491,13403,-681.8,-7745,8135,7075.47,4747.526027023466,667,Running,1,100
-2857.52,-16438,7770,3574.36,-1682,27692,-520.3,-32768,9670,10680.94,7122.0771844782175,-211.89,-5017,5188,-110.46,-8508,5016,508.55,-5266,6174,5375.14,3497.110518347401,668,Running,1,100
-2506.58,-18354,6652,3485.76,-1498,15102,-221.44,-4684,4288,8990.66,6082.20903055741,-250.51,-4412,4026,1036.33,-4674,5168,-606.16,-5056,5837,5356.62,3467.6123916492775,669,Running,1,100
-3386.86,-24032,8130,3846.88,-3664,20818,-4.98,-11046,9066,12203.960000000001,8264.678161972728,-304.04,-8655,9154,-466.17,-9899,6323,436.66,-6469,8863,7264.03,4840.947022637592,670,Running,1,100
-2579.64,-21564,9356,4043.39,-4618,32767,53.08,-21574,13834,13692.07,9107.406945087248,480.41,-8419,5466,461.73,-12435,13343,-564.38,-7346,9761,7494.56,5123.516775511803,671,Running,1,100
-3180.76,-25208,10808,4012.0,-6324,25384,435.5,-17412,16108,14940.74,9991.36931786306,-181.08,-8542,7208,-707.73,-8277,9669,623.56,-7204,8588,7742.83,5205.704489636084,672,Running,1,100
-2913.28,-25248,12076,4189.86,-6164,32348,9.08,-31700,11380,13411.18,8927.175713208107,446.9,-10551,6440,659.34,-8009,11183,-690.48,-7193,8731,7281.74,4857.676547616189,673,Running,1,100
-2576.14,-18036,9826,4040.76,-9268,25068,560.24,-27944,14986,14564.62,9746.587536592027,-24.78,-7664,8653,-816.66,-10712,13899,539.87,-5980,9481,7683.17,5221.793600466216,674,Running,1,100
-2939.56,-20814,9780,3791.68,-4892,31574,-351.26,-25838,10826,11995.1,7960.181605482367,476.0,-10204,7116,231.59,-11873,9685,-320.53,-6157,9259,6677.9800000000005,4397.7396529105845,675,Running,1,100
-2933.0823529411764,-19206,7394,3878.070588235294,-4852,25264,51.36470588235294,-32768,12566,11810.894117647058,7818.518133776539,22.71764705882353,-4470,5432,242.41176470588235,-6898,12124,-237.2,-6745,7264,5939.882352941177,3969.001531477946,676,Running,1,85
-3143.16,-10636,1534,3602.84,-4090,23186,356.5,-15684,12558,9058.02,6012.066304764019,-734.04,-5528,6682,571.14,-7731,9525,-130.01,-5835,4544,5780.17,3878.288988925465,677,Running,1,100
-2288.602409638554,-4598,-4,3326.746987951807,520,6362,482.3855421686747,-2898,2054,6324.8674698795185,4252.027747197816,-366.6385542168675,-3909,1528,267.73493975903614,-2334,2988,-77.5421686746988,-849,1005,1957.7710843373495,1342.331704698534,678,Standing,3,83
-2293.18,-2946,-1380,3395.02,3052,3820,174.4,-20,380,5863.4400000000005,4108.225851621108,-24.24,-570,190,92.59,-247,854,-21.14,-137,134,301.15000000000003,203.42662442930344,679,Standing,3,100
-2433.38,-2588,-2264,3318.02,3180,3474,258.34,26,518,6009.74,4125.186373075224,2.5,-222,133,-4.71,-260,247,-19.04,-107,54,189.89000000000001,124.80716918903583,680,Standing,3,100
-2426.96,-2622,-2292,3322.22,3194,3442,219.44,62,350,5968.62,4121.14484901757,25.65,-32,72,-12.53,-66,103,10.28,-44,63,81.84,54.91393163719339,681,Standing,3,100
-2387.52,-2554,-2236,3349.84,3264,3436,255.26,108,370,5992.62,4122.292908768809,15.87,-36,76,-3.58,-68,72,-4.5,-29,41,68.77,47.14182005685173,682,Standing,3,100
-2398.86,-2502,-2278,3344.96,3246,3454,252.94,150,394,5996.76,4124.632418041957,13.82,-52,81,-1.48,-70,82,0.53,-29,27,62.65,42.090528555389774,683,Standing,3,100
-2356.94,-2972,-1888,3313.54,3156,3548,295.06,-62,1126,5967.06,4086.30549166875,-67.3,-388,288,-51.7,-892,297,70.75,-68,428,286.09000000000003,185.82883139144215,684,Running,1,100
-3282.98,-12614,4786,3166.82,-2946,15020,-588.26,-6710,5742,9457.5,6146.774340677074,269.77,-4659,5079,132.27,-8912,7919,-99.98,-3369,3866,5090.7,3503.3655425125166,685,Running,1,100
-3826.4634146341464,-29502,8734,3959.5365853658536,-2140,21952,-31.853658536585368,-11786,9790,12246.487804878048,8369.842807991945,162.03658536585365,-4476,5607,430.9024390243902,-7218,7879,-472.719512195122,-6869,5257,7705.585365853659,5186.949692595823,686,Running,1,82
-3263.06,-24356,8122,4197.75,-3470,32767,-145.64,-32768,9598,12929.49,8507.7364086761,84.57,-6954,6947,-696.59,-7918,8299,480.95,-5808,8313,7044.75,4521.631872388548,687,Running,1,100
-2658.06,-22218,5408,3676.96,-1050,25432,-436.16,-12058,6310,9771.78,6512.2320076071865,212.73,-8776,7244,678.37,-8824,7413,-284.26,-6518,5847,6132.56,4062.856942280588,688,Running,1,100
-3166.64,-13670,3434,3594.42,-3246,13422,-237.86,-11078,8210,9306.44,6117.7840073396765,-330.31,-6098,4409,469.37,-6486,5571,157.9,-6194,5325,5592.26,3693.6278426346194,689,Running,1,100
-2306.88,-22614,8870,3806.38,-3720,19642,150.84,-11128,8858,12190.66,8262.817327389108,142.22,-4861,8136,209.55,-7605,7506,-503.94,-6727,8016,7802.13,5209.688709751563,690,Running,1,100
-3624.36,-25016,9850,4651.42,-3926,32767,-70.3,-32768,11628,14993.6,9965.793083483853,48.91,-6035,8743,-328.4,-8696,5819,605.75,-6538,9352,7775.860000000001,5163.334183148259,691,Running,1,100
-2131.54,-23928,10272,4029.66,-3484,28278,221.92,-19054,15740,13487.6,9079.747298853787,424.9,-6568,9489,154.16,-8223,7700,-517.44,-6453,8838,7719.9400000000005,5169.485918603153,692,Running,1,100
-3449.82,-20948,10890,4405.77,-5178,32767,428.74,-32768,14362,13706.17,9249.174105732554,-144.93,-8027,9257,-419.29,-7669,6554,608.02,-6996,7599,7297.400000000001,4886.652766395503,693,Running,1,100
-2812.74,-26212,10106,4148.26,-3268,32268,-15.66,-32768,18184,12939.82,8664.049696641001,498.75,-5149,5938,534.99,-8149,15021,-594.82,-6913,9088,7088.9400000000005,4722.584414493476,694,Running,1,100
-2882.84,-20506,8016,3864.9,-4730,32464,465.2,-32768,20322,13338.66,8962.648477344099,-72.45,-6241,8147,-834.45,-7050,7091,512.6,-6734,7494,6725.22,4529.768010083805,695,Running,1,100
-3244.4375,-18628,4346,3730.46875,-1658,32767,-685.3125,-32768,9384,10751.510416666666,7104.45258229165,415.6041666666667,-4034,4376,864.9270833333334,-5373,5959,-344.1666666666667,-7036,4805,5853.84375,3788.233439663354,696,Running,1,96
-2917.98,-14658,7098,3925.32,-2794,14862,-159.2,-15434,14094,10990.94,7375.633092121304,-724.33,-7405,6273,257.01,-7694,5080,228.41,-6211,5095,5961.49,3916.146002368149,697,Running,1,100
-2873.14,-21762,9152,3932.38,-4580,27876,73.12,-15260,10362,12096.84,8152.743784921791,412.75,-6243,7383,638.4,-8315,6367,-688.09,-6831,8314,7126.1,4751.935818275357,698,Running,1,100
-3046.417910447761,-21300,9032,4006.3582089552237,-3354,27760,-155.19402985074626,-31168,11808,12906.059701492537,8552.154126173842,337.1641791044776,-4209,4792,-217.47761194029852,-6225,5451,-16.34328358208955,-7146,8396,6594.895522388059,4405.127080864719,699,Running,1,67
-2662.96,-14808,6690,3712.76,-2024,17594,-42.42,-13072,13030,9904.26,6711.784261634161,-655.23,-5652,6796,72.4,-6811,5688,62.59,-5239,5133,5838.24,3794.493506448285,701,Running,1,100
-3539.14,-23654,8288,3900.3,-3868,24224,-481.0,-29132,12256,12095.72,8035.984234762604,326.72,-7785,7180,378.24,-7078,6192,-468.42,-6969,6539,6557.400000000001,4283.745564242588,702,Running,1,100
-1969.68,-20852,11972,3817.54,-5514,26564,779.26,-32768,12354,13934.16,9282.814498596497,86.09,-7631,9740,-421.68,-8998,8596,208.01,-6975,8584,7722.8,5221.958596879168,703,Running,1,100
-3942.9066666666668,-18752,4816,3491.7066666666665,-4728,25842,-654.9066666666666,-16250,13540,11506.746666666668,7749.401709567239,191.30666666666667,-6463,7210,-132.76,-9155,8585,736.04,-7148,9057,7268.7733333333335,4717.436251076304,704,Running,1,75
-2266.9,-22638,11124,3543.26,-5082,28988,764.56,-11376,18014,13036.68,8903.178576263404,110.31,-8146,8174,30.38,-8505,9118,-69.69,-6137,8520,6766.96,4604.685132063109,705,Running,1,100
-2882.64,-20628,9270,3986.88,-4826,27184,56.32,-16678,19526,11740.64,7871.81539429312,-46.43,-5123,4733,-274.39,-8821,9893,416.64,-6466,8208,6488.64,4337.505064263779,706,Running,1,100
-2556.28,-17156,7886,3864.38,-5532,25348,102.56,-22832,15684,11999.78,7977.745957585269,134.21,-5235,7142,275.45,-7704,9975,-424.53,-5052,7427,6310.17,4167.645793383302,707,Running,1,100
-3002.2022471910113,-21940,7862,4010.191011235955,-4068,32767,141.14606741573033,-32768,17096,13424.23595505618,8927.314429945953,294.92134831460675,-3977,9251,-298.1573033707865,-7097,11673,21.247191011235955,-6470,7857,6878.191011235955,4585.248095905587,708,Running,1,89
-2550.8695652173915,-19326,2806,3183.217391304348,-874,21262,-359.0652173913044,-16072,13208,8246.239130434782,5575.448234985543,229.3695652173913,-5019,4757,-88.53260869565217,-4543,5373,-152.68478260869566,-5935,2682,4383.021739130435,2902.927274172553,709,Running,1,92
-2462.44,-5542,1380,3699.58,176,13184,4.16,-3124,1964,6844.7,4729.1025662327775,-100.69,-3464,3426,130.84,-3117,4993,-116.57,-3356,1765,2856.68,1912.8296649822657,710,Standing,3,100
